;grid=25x25:extent=(-36.0000,36,-36,36.0000):X_lbl=plate_x:Y_lbl=plate_y,,,,,,,,,,,,,,,,,,,,,,,,,,,,,,,,,,,,,,,,,,,,,,,
    #,   plate_x,   plate_y,  Seconds,       i0,       i1,      mon,    bstop,    Omron,      CH6,      CH7,     TEMP,   marccd,    ICRxT,    OCRxT,     ROI1,     ROI2,     ROI3,     ROI4,     ROI5,     ROI6,     ROI7,     ROI8,     ROI9,    ROI10,    RIO11,    ROI12,    ROI13,      SWX,     CCD1,    CTEMP,    Timer,      pd1,      pd2,      pd3,      pd4,      pd5,      pd6,      pd7,      pd8,      pd9,     pd10,     pd11,     pd12,     pd13,     pd14,     pd15,     pd16,Imax,Iave,ratio
33,-12.002,-32.9998,60,13012348,374623,0,72347,28244618,0,0,0,65.053296,26760,26340,55,90,673,200,34,0,0,0,0,0,0,0,0,0,0,0,0,0,0,0,0,0,0,0,0,0,0,0,0,0,0,0,0,78.64844037,44.82035177,1.754748396
34,-8.999,-32.9998,60,12969276,373718,0,71907,57702131,0,0,0,65.055215,27000,26580,49,87,675,257,44,0,0,0,0,0,0,0,0,0,0,0,0,0,0,0,0,0,0,0,0,0,0,0,0,0,0,0,0,86.52746177,45.37402413,1.906982319
35,-6.001,-32.9998,60,12919680,364771,0,71260,28363222,0,0,0,65.263835,26640,26280,48,65,691,245,40,0,0,0,0,0,0,0,0,0,0,0,0,0,0,0,0,0,0,0,0,0,0,0,0,0,0,0,0,84.33100917,45.01149082,1.873544014
36,-2.99801,-32.9998,60,13013895,378809,0,72316,28385149,0,0,0,65.0323,28080,27660,63,92,725,225,32,0,0,0,0,0,0,0,0,0,0,0,0,0,0,0,0,0,0,0,0,0,0,0,0,0,0,0,0,90.66923547,46.42459312,1.953043191
37,0,-32.9998,60,12992570,376448,0,72068,27995728,0,0,0,65.064035,27180,26760,66,77,661,245,23,0,0,0,0,0,0,0,0,0,0,0,0,0,0,0,0,0,0,0,0,0,0,0,0,0,0,0,0,108.8609036,46.12557737,2.360098449
38,2.99801,-32.9998,60,12916337,393513,0,71223,28432138,0,0,0,65.177484,28440,28020,68,92,694,248,42,0,0,0,0,0,0,0,0,0,0,0,0,0,0,0,0,0,0,0,0,0,0,0,0,0,0,0,0,88.67755352,47.20966287,1.878377182
39,6.001,-32.9998,60,12870974,395765,0,70692,27855800,0,0,0,65.119311,27300,26880,53,73,612,219,37,0,0,0,0,0,0,0,0,0,0,0,0,0,0,0,0,0,0,0,0,0,0,0,0,0,0,0,0,82.55363914,46.2359506,1.785485927
40,8.999,-32.9998,60,12909494,399287,0,71248,59948891,0,0,0,65.147168,25920,25500,46,76,606,219,48,0,0,0,0,0,0,0,0,0,0,0,0,0,0,0,0,0,0,0,0,0,0,0,0,0,0,0,0,81.87056516,44.98241077,1.820057301
41,12.002,-32.9998,60,12993557,397795,0,72239,59941688,0,0,0,65.045003,24900,24480,51,63,559,197,36,0,0,0,0,0,0,0,0,0,0,0,0,0,0,0,0,0,0,0,0,0,0,0,0,0,0,0,0,94.49685946,43.81905257,2.156524478
56,-17.998,-30.0003,60,12966223,381926,0,71800,28182471,0,0,0,65.241319,28320,27900,51,108,671,257,46,0,0,0,0,0,0,0,0,0,0,0,0,0,0,0,0,0,0,0,0,0,0,0,0,0,0,0,0,73.14601392,43.8221195,1.669157374
57,-15,-30.0003,60,12937474,384558,0,71447,28433764,0,0,0,65.215186,24840,24420,60,93,598,226,31,0,0,0,0,0,0,0,0,0,0,0,0,0,0,0,0,0,0,0,0,0,0,0,0,0,0,0,0,161.53125,44.2583548,3.649734626
58,-12.002,-30.0003,60,12928581,396545,0,71377,28580211,0,0,0,65.035681,27960,27540,61,92,697,258,40,0,0,0,0,0,0,0,0,0,0,0,0,0,0,0,0,0,0,0,0,0,0,0,0,0,0,0,0,84.43545443,47.47020367,1.77870428
59,-8.999,-30.0003,60,13050517,396926,0,72801,28232922,0,0,0,65.247865,28800,28380,50,114,745,218,59,0,0,0,0,0,0,0,0,0,0,0,0,0,0,0,0,0,0,0,0,0,0,0,0,0,0,0,0,89.66756792,48.63200627,1.843797425
60,-6.001,-30.0003,60,13009241,400036,0,72354,59949363,0,0,0,65.08065,28680,28260,59,109,706,224,37,0,0,0,0,0,0,0,0,0,0,0,0,0,0,0,0,0,0,0,0,0,0,0,0,0,0,0,0,91.22119222,49.4334525,1.845333223
61,-2.99801,-30.0003,60,12967018,398895,0,71850,59949150,0,0,0,64.994353,28920,28440,68,101,718,230,35,0,0,0,0,0,0,0,0,0,0,0,0,0,0,0,0,0,0,0,0,0,0,0,0,0,0,0,0,89.87396795,49.24475265,1.825046591
62,0,-30.0003,60,12951701,397356,0,71598,28705497,0,0,0,65.133973,28740,28320,59,98,710,253,36,0,0,0,0,0,0,0,0,0,0,0,0,0,0,0,0,0,0,0,0,0,0,0,0,0,0,0,0,91.04018941,48.97709886,1.858831812
63,2.99801,-30.0003,60,12999775,393671,0,72270,54559791,0,0,0,65.100214,27960,27540,76,86,679,242,38,0,0,0,0,0,0,0,0,0,0,0,0,0,0,0,0,0,0,0,0,0,0,0,0,0,0,0,0,144.1625317,48.16339901,2.993196799
64,6.001,-30.0003,60,13027263,392310,0,72665,59948926,0,0,0,65.071813,26340,25980,52,88,633,208,41,0,0,0,0,0,0,0,0,0,0,0,0,0,0,0,0,0,0,0,0,0,0,0,0,0,0,0,0,81.05584621,46.52160324,1.742327017
65,8.999,-30.0003,60,13006193,376209,0,72308,28014140,0,0,0,65.533739,23580,23220,61,88,531,171,32,0,0,0,0,0,0,0,0,0,0,0,0,0,0,0,0,0,0,0,0,0,0,0,0,0,0,0,0,74.91510435,43.34584925,1.728310914
66,12.002,-30.0003,60,12985092,388094,0,72124,28157885,0,0,0,65.129024,23220,22860,46,70,562,196,29,0,0,0,0,0,0,0,0,0,0,0,0,0,0,0,0,0,0,0,0,0,0,0,0,0,0,0,0,82.82331093,43.48633728,1.904582361
67,15,-30.0003,60,12962351,390842,0,71855,28456338,0,0,0,65.212287,22200,21840,55,73,524,204,25,0,0,0,0,0,0,0,0,0,0,0,0,0,0,0,0,0,0,0,0,0,0,0,0,0,0,0,0,76.55022993,41.91499362,1.826320925
68,17.998,-30.0003,60,13065342,387549,0,73013,28099501,0,0,0,65.177953,41940,41340,85,104,1042,367,75,0,0,0,0,0,0,0,0,0,0,0,0,0,0,0,0,0,0,0,0,0,0,0,0,0,0,0,0,350.4670222,79.56904808,4.404564723
80,-21.001,-27.0001,60,13023655,383600,0,72601,59472091,0,0,0,65.076716,36180,35700,83,131,906,327,48,0,0,0,0,0,0,0,0,0,0,0,0,0,0,0,0,0,0,0,0,0,0,0,0,0,0,0,0,151.3233386,56.08391685,2.698159242
81,-17.998,-27.0001,60,12985580,385092,0,72177,59949093,0,0,0,65.045341,28200,27780,66,139,680,240,45,0,0,0,0,0,0,0,0,0,0,0,0,0,0,0,0,0,0,0,0,0,0,0,0,0,0,0,0,79.62783002,45.92129074,1.734006792
82,-15,-27.0001,60,12949994,382103,0,71721,28206706,0,0,0,65.170719,24780,24360,61,138,581,221,30,0,0,0,0,0,0,0,0,0,0,0,0,0,0,0,0,0,0,0,0,0,0,0,0,0,0,0,0,93.5289604,45.37876916,2.061073099
83,-12.002,-27.0001,60,13011160,383044,0,72472,59948826,0,0,0,65.079932,26640,26220,69,115,648,210,41,0,0,0,0,0,0,0,0,0,0,0,0,0,0,0,0,0,0,0,0,0,0,0,0,0,0,0,0,82.3286095,47.45335098,1.73493774
84,-8.999,-27.0001,60,12989071,384550,0,72222,59949128,0,0,0,65.037215,28020,27600,53,119,692,236,56,0,0,0,0,0,0,0,0,0,0,0,0,0,0,0,0,0,0,0,0,0,0,0,0,0,0,0,0,88.59920058,48.84642641,1.81383178
85,-6.001,-27.0001,60,12933797,370914,0,71551,59948900,0,0,0,65.108969,26640,26220,57,112,655,254,45,0,0,0,0,0,0,0,0,0,0,0,0,0,0,0,0,0,0,0,0,0,0,0,0,0,0,0,0,92.5215117,48.03008482,1.926324137
86,-2.99801,-27.0001,60,12896655,385577,0,70989,28069883,0,0,0,65.053882,28140,27720,48,119,667,265,37,0,0,0,0,0,0,0,0,0,0,0,0,0,0,0,0,0,0,0,0,0,0,0,0,0,0,0,0,91.09471899,49.44364324,1.842394957
87,0,-27.0001,60,12894537,384562,0,70946,28230549,0,0,0,65.088606,27660,27240,58,102,687,229,36,0,0,0,0,0,0,0,0,0,0,0,0,0,0,0,0,0,0,0,0,0,0,0,0,0,0,0,0,92.43217391,49.08094989,1.883259678
88,2.99801,-27.0001,60,12982122,383156,0,71999,28363217,0,0,0,65.106033,27360,26940,69,98,693,279,50,0,0,0,0,0,0,0,0,0,0,0,0,0,0,0,0,0,0,0,0,0,0,0,0,0,0,0,0,87.9706087,48.15611637,1.826779552
89,6.001,-27.0001,60,12953340,375255,0,71665,28104788,0,0,0,65.053721,25020,24660,58,83,603,193,34,0,0,0,0,0,0,0,0,0,0,0,0,0,0,0,0,0,0,0,0,0,0,0,0,0,0,0,0,79.29917636,46.09137869,1.720477421
90,8.999,-27.0001,60,12908846,374193,0,71169,28030689,0,0,0,65.005079,24120,23700,69,100,564,182,37,0,0,0,0,0,0,0,0,0,0,0,0,0,0,0,0,0,0,0,0,0,0,0,0,0,0,0,0,76.35144549,44.21808792,1.726701653
91,12.002,-27.0001,60,12881314,377828,0,70799,28307124,0,0,0,65.038753,23040,22620,52,92,491,216,36,0,0,0,0,0,0,0,0,0,0,0,0,0,0,0,0,0,0,0,0,0,0,0,0,0,0,0,0,82.98641588,43.64772512,1.901277
92,15,-27.0001,60,12974156,376813,0,71954,59130419,0,0,0,65.041055,21480,21120,55,89,492,171,33,0,0,0,0,0,0,0,0,0,0,0,0,0,0,0,0,0,0,0,0,0,0,0,0,0,0,0,0,78.09404389,41.78150661,1.869105502
93,17.998,-27.0001,60,12964581,374004,0,71821,57069154,0,0,0,65.016098,43380,42780,108,168,1148,382,77,0,0,0,0,0,0,0,0,0,0,0,0,0,0,0,0,0,0,0,0,0,0,0,0,0,0,0,0,415.896195,87.0045124,4.780168103
94,21.001,-27.0001,60,12957442,370501,0,71747,59949201,0,0,0,65.266344,50880,50220,1463,2768,817,298,261,0,0,0,0,0,0,0,0,0,0,0,0,0,0,0,0,0,0,0,0,0,0,0,0,0,0,0,0,327.6222871,72.52004863,4.517678811
104,-23.999,-24,60,12930552,356708,0,71359,27760330,0,0,0,65.068595,35640,35160,93,146,958,338,49,0,0,0,0,0,0,0,0,0,0,0,0,0,0,0,0,0,0,0,0,0,0,0,0,0,0,0,0,190.8458706,58.36564658,3.2698322
105,-21.001,-24,60,12989694,369938,0,72075,28335740,0,0,0,65.076929,33840,33360,78,178,915,323,49,0,0,0,0,0,0,0,0,0,0,0,0,0,0,0,0,0,0,0,0,0,0,0,0,0,0,0,0,167.8711304,56.21406979,2.986283168
106,-17.998,-24,60,13029984,370429,0,72598,28505138,0,0,0,65.066966,26880,26460,76,189,653,207,41,0,0,0,0,0,0,0,0,0,0,0,0,0,0,0,0,0,0,0,0,0,0,0,0,0,0,0,0,92.60365643,46.92644576,1.973378868
107,-15,-24,60,13014655,370123,0,72405,28632106,0,0,0,65.095673,24480,24060,71,119,562,193,48,0,0,0,0,0,0,0,0,0,0,0,0,0,0,0,0,0,0,0,0,0,0,0,0,0,0,0,0,86.61021042,45.92068059,1.8860829
108,-12.002,-24,60,12982123,369467,0,72186,59949314,0,0,0,65.253137,25560,25200,64,132,609,237,36,0,0,0,0,0,0,0,0,0,0,0,0,0,0,0,0,0,0,0,0,0,0,0,0,0,0,0,0,91.15080048,48.24033643,1.889514196
109,-8.999,-24,60,12957488,369107,0,71873,59949237,0,0,0,65.246867,26520,26100,73,133,679,216,42,0,0,0,0,0,0,0,0,0,0,0,0,0,0,0,0,0,0,0,0,0,0,0,0,0,0,0,0,104.5147185,49.46665707,2.112831647
110,-6.001,-24,60,13061313,372253,0,73104,59949254,0,0,0,65.047143,27120,26700,74,130,668,274,69,0,0,0,0,0,0,0,0,0,0,0,0,0,0,0,0,0,0,0,0,0,0,0,0,0,0,0,0,117.4095369,50.31046664,2.333700018
111,-2.99801,-24,60,13013947,365164,0,72442,28221086,0,0,0,65.079988,26520,26040,71,122,665,260,41,0,0,0,0,0,0,0,0,0,0,0,0,0,0,0,0,0,0,0,0,0,0,0,0,0,0,0,0,112.8254433,49.48246393,2.280109645
112,0,-24,60,12962944,369782,0,71834,28207913,0,0,0,65.099954,26760,26340,71,123,647,227,32,0,0,0,0,0,0,0,0,0,0,0,0,0,0,0,0,0,0,0,0,0,0,0,0,0,0,0,0,110.543467,49.76253299,2.221419618
113,2.99801,-24,60,12929948,367161,0,71445,28160419,0,0,0,65.036493,25740,25320,71,105,683,237,53,0,0,0,0,0,0,0,0,0,0,0,0,0,0,0,0,0,0,0,0,0,0,0,0,0,0,0,0,104.7797023,49.14899832,2.131878694
114,6.001,-24,60,12984638,368029,0,72100,27972209,0,0,0,65.063074,24780,24420,56,112,596,231,55,0,0,0,0,0,0,0,0,0,0,0,0,0,0,0,0,0,0,0,0,0,0,0,0,0,0,0,0,92.27078671,47.597294,1.938572111
115,8.999,-24,60,12996681,361653,0,72239,28448142,0,0,0,65.23568,23400,23040,67,101,543,225,48,0,0,0,0,0,0,0,0,0,0,0,0,0,0,0,0,0,0,0,0,0,0,0,0,0,0,0,0,83.78739886,44.82824033,1.86907624
116,12.002,-24,60,12970250,375353,0,71974,59519601,0,0,0,65.114257,22680,22260,64,99,510,188,30,0,0,0,0,0,0,0,0,0,0,0,0,0,0,0,0,0,0,0,0,0,0,0,0,0,0,0,0,87.14505002,44.9759632,1.937591634
117,15,-24,60,12932917,374832,0,71482,28375569,0,0,0,65.182379,22020,21660,54,84,473,183,38,0,0,0,0,0,0,0,0,0,0,0,0,0,0,0,0,0,0,0,0,0,0,0,0,0,0,0,0,84.85839945,43.41325663,1.954665603
118,17.998,-24,60,12918031,372333,0,71437,59949067,0,0,0,65.042716,44760,44100,145,268,1404,471,78,0,0,0,0,0,0,0,0,0,0,0,0,0,0,0,0,0,0,0,0,0,0,0,0,0,0,0,0,417.4085217,95.22671294,4.383313346
119,21.001,-24,60,13031033,376818,0,72753,59948722,0,0,0,65.068422,85260,84180,11966,22464,446,299,1497,0,0,0,0,0,0,0,0,0,0,0,0,0,0,0,0,0,0,0,0,0,0,0,0,0,0,0,0,185.2239264,64.63267958,2.865793707
120,23.999,-24,60,13020714,376416,0,72547,28556586,0,0,0,65.022662,51540,50820,2663,4780,1493,350,567,0,0,0,0,0,0,0,0,0,0,0,0,0,0,0,0,0,0,0,0,0,0,0,0,0,0,0,0,62.05762305,42.75139294,1.451593007
128,-27.002,-20.9998,60,12990383,374371,0,72105,28355358,0,0,0,65.043579,43080,42480,91,239,1193,419,79,0,0,0,0,0,0,0,0,0,0,0,0,0,0,0,0,0,0,0,0,0,0,0,0,0,0,0,0,346.5550684,76.14435691,4.551290239
129,-23.999,-20.9998,60,12970620,374847,0,71885,28145979,0,0,0,65.068228,37620,37080,110,172,1029,384,72,0,0,0,0,0,0,0,0,0,0,0,0,0,0,0,0,0,0,0,0,0,0,0,0,0,0,0,0,244.8255652,64.45288853,3.798519675
130,-21.001,-20.9998,60,13024997,375934,0,72592,28301257,0,0,0,65.100553,34860,34380,78,189,911,328,63,0,0,0,0,0,0,0,0,0,0,0,0,0,0,0,0,0,0,0,0,0,0,0,0,0,0,0,0,212.1402995,60.83697826,3.48702887
131,-17.998,-20.9998,60,12978294,363585,0,72039,28151731,0,0,0,65.115814,29100,28620,68,171,682,269,50,0,0,0,0,0,0,0,0,0,0,0,0,0,0,0,0,0,0,0,0,0,0,0,0,0,0,0,0,127.5805352,52.65354675,2.423018829
132,-15,-20.9998,60,12934601,376209,0,71520,28105337,0,0,0,65.05226,27600,27180,75,173,607,218,49,0,0,0,0,0,0,0,0,0,0,0,0,0,0,0,0,0,0,0,0,0,0,0,0,0,0,0,0,113.7324016,52.82523416,2.152993799
133,-12.002,-20.9998,60,12908219,383315,0,71285,59949054,0,0,0,65.537178,29280,28800,100,157,691,274,52,0,0,0,0,0,0,0,0,0,0,0,0,0,0,0,0,0,0,0,0,0,0,0,0,0,0,0,0,125.7996602,56.00796875,2.246102884
134,-8.999,-20.9998,60,12932756,383754,0,71488,28120760,0,0,0,65.057955,30180,29760,116,172,738,235,49,0,0,0,0,0,0,0,0,0,0,0,0,0,0,0,0,0,0,0,0,0,0,0,0,0,0,0,0,150.7592184,57.55043785,2.619601587
135,-6.001,-20.9998,60,12977251,381111,0,72089,59948917,0,0,0,65.111133,30360,29880,95,151,765,264,57,0,0,0,0,0,0,0,0,0,0,0,0,0,0,0,0,0,0,0,0,0,0,0,0,0,0,0,0,153.1483432,57.80237461,2.649516465
136,-2.99801,-20.9998,60,12951759,382304,0,71726,28479292,0,0,0,65.03307,30240,29760,82,140,765,272,54,0,0,0,0,0,0,0,0,0,0,0,0,0,0,0,0,0,0,0,0,0,0,0,0,0,0,0,0,156.1610875,57.92039128,2.696133159
137,0,-20.9998,60,12923660,384376,0,71396,28187454,0,0,0,64.994871,30660,30180,90,149,743,262,49,0,0,0,0,0,0,0,0,0,0,0,0,0,0,0,0,0,0,0,0,0,0,0,0,0,0,0,0,158.4985556,58.13584719,2.726348085
138,2.99801,-20.9998,60,12885886,378353,0,70907,28896579,0,0,0,65.017116,29580,29100,93,139,746,266,57,0,0,0,0,0,0,0,0,0,0,0,0,0,0,0,0,0,0,0,0,0,0,0,0,0,0,0,0,148.1405268,56.88090394,2.604398252
139,6.001,-20.9998,60,13006374,381702,0,72368,59948934,0,0,0,65.20757,28860,28380,78,140,731,249,41,0,0,0,0,0,0,0,0,0,0,0,0,0,0,0,0,0,0,0,0,0,0,0,0,0,0,0,0,130.8042481,55.95458777,2.33768585
140,8.999,-20.9998,60,12982181,379989,0,72138,59948993,0,0,0,65.138882,27780,27360,77,119,607,223,52,0,0,0,0,0,0,0,0,0,0,0,0,0,0,0,0,0,0,0,0,0,0,0,0,0,0,0,0,110.8545455,53.41205025,2.075459469
141,12.002,-20.9998,60,12968544,366746,0,71936,28143282,0,0,0,65.072402,25500,25080,89,115,509,212,46,0,0,0,0,0,0,0,0,0,0,0,0,0,0,0,0,0,0,0,0,0,0,0,0,0,0,0,0,104.3669678,50.62619811,2.061520945
142,15,-20.9998,60,12952354,381923,0,71821,59301265,0,0,0,65.357045,26040,25680,68,132,517,202,56,0,0,0,0,0,0,0,0,0,0,0,0,0,0,0,0,0,0,0,0,0,0,0,0,0,0,0,0,106.3794103,50.6688436,2.099503417
143,17.998,-20.9998,60,12979482,382268,0,71987,28567654,0,0,0,65.053856,47040,46380,135,207,1525,486,82,0,0,0,0,0,0,0,0,0,0,0,0,0,0,0,0,0,0,0,0,0,0,0,0,0,0,0,0,438.5400138,103.7120249,4.228439415
144,21.001,-20.9998,60,13014475,376065,0,72434,28006501,0,0,0,65.113798,161220,159000,35887,68175,139,307,4688,0,0,0,0,0,0,0,0,0,0,0,0,0,0,0,0,0,0,0,0,0,0,0,0,0,0,0,0,115.0286417,68.72435636,1.673768192
145,23.999,-20.9998,60,12968572,376266,0,71921,28362305,0,0,0,65.164458,102600,101280,15337,27018,3427,741,2440,0,0,0,0,0,0,0,0,0,0,0,0,0,0,0,0,0,0,0,0,0,0,0,0,0,0,0,0,68.65807612,54.12786014,1.268442461
146,27.002,-20.9998,60,12918201,375479,0,71326,28151666,0,0,0,65.208348,46440,45840,2875,4771,54,116,395,0,0,0,0,0,0,0,0,0,0,0,0,0,0,0,0,0,0,0,0,0,0,0,0,0,0,0,0,61.98760331,42.26736323,1.466559505
152,-30,-18.0003,60,12905996,373530,0,71153,28489700,0,0,0,64.987328,68160,67320,3750,14230,1353,482,385,0,0,0,0,0,0,0,0,0,0,0,0,0,0,0,0,0,0,0,0,0,0,0,0,0,0,0,0,438.4933357,92.65763669,4.732403624
153,-27.002,-18.0003,60,13015552,373878,0,72464,28265284,0,0,0,65.090267,45480,44820,631,2181,1261,429,113,0,0,0,0,0,0,0,0,0,0,0,0,0,0,0,0,0,0,0,0,0,0,0,0,0,0,0,0,318.1604491,79.23077609,4.01561697
154,-23.999,-18.0003,60,12978794,370764,0,72044,59949093,0,0,0,65.017416,39120,38580,238,719,1092,353,65,0,0,0,0,0,0,0,0,0,0,0,0,0,0,0,0,0,0,0,0,0,0,0,0,0,0,0,0,298.3065932,70.46442512,4.233435421
155,-21.001,-18.0003,60,12943517,367167,0,71505,28659651,0,0,0,65.21522,36060,35580,112,243,1011,327,67,0,0,0,0,0,0,0,0,0,0,0,0,0,0,0,0,0,0,0,0,0,0,0,0,0,0,0,0,236.3345794,68.13841084,3.468448655
156,-17.998,-18.0003,60,12921345,357938,0,71264,27936536,0,0,0,65.047615,32940,32460,87,247,817,299,55,0,0,0,0,0,0,0,0,0,0,0,0,0,0,0,0,0,0,0,0,0,0,0,0,0,0,0,0,196.7744832,64.60073422,3.046010012
157,-15,-18.0003,60,13012447,374043,0,72355,28367048,0,0,0,65.10895,33000,32520,121,227,776,275,58,0,0,0,0,0,0,0,0,0,0,0,0,0,0,0,0,0,0,0,0,0,0,0,0,0,0,0,0,176.8769909,66.5154609,2.659186127
158,-12.002,-18.0003,60,13024117,373203,0,72534,28456777,0,0,0,65.169757,33360,32880,113,194,826,293,60,0,0,0,0,0,0,0,0,0,0,0,0,0,0,0,0,0,0,0,0,0,0,0,0,0,0,0,0,182.3589744,67.5581127,2.699290538
159,-8.999,-18.0003,60,12979890,375424,0,72040,28178613,0,0,0,65.030281,34020,33540,117,219,874,308,53,0,0,0,0,0,0,0,0,0,0,0,0,0,0,0,0,0,0,0,0,0,0,0,0,0,0,0,0,212.7894737,69.08571812,3.080079059
160,-6.001,-18.0003,60,12949242,373495,0,71814,59949204,0,0,0,65.202781,33840,33360,115,192,916,309,63,0,0,0,0,0,0,0,0,0,0,0,0,0,0,0,0,0,0,0,0,0,0,0,0,0,0,0,0,209.6882591,69.22575144,3.029049953
161,-2.99801,-18.0003,60,12920115,375783,0,71431,59925997,0,0,0,65.093937,33900,33420,103,179,834,305,63,0,0,0,0,0,0,0,0,0,0,0,0,0,0,0,0,0,0,0,0,0,0,0,0,0,0,0,0,220.9561404,69.45061681,3.181485644
162,0,-18.0003,60,12991288,373617,0,72261,51749780,0,0,0,65.095017,33720,33240,92,174,878,308,64,0,0,0,0,0,0,0,0,0,0,0,0,0,0,0,0,0,0,0,0,0,0,0,0,0,0,0,0,218.6374831,69.07351015,3.165286991
163,2.99801,-18.0003,60,12948707,371298,0,71746,59948924,0,0,0,64.929665,33540,33060,114,179,865,297,52,0,0,0,0,0,0,0,0,0,0,0,0,0,0,0,0,0,0,0,0,0,0,0,0,0,0,0,0,218.3854588,68.52306723,3.187035661
164,6.001,-18.0003,60,12916998,370603,0,71300,59948835,0,0,0,65.079142,33420,32940,101,160,845,296,69,0,0,0,0,0,0,0,0,0,0,0,0,0,0,0,0,0,0,0,0,0,0,0,0,0,0,0,0,263.9770215,68.35670161,3.86175774
165,8.999,-18.0003,60,12887509,366115,0,70961,59948887,0,0,0,65.090273,32580,32040,95,158,802,273,63,0,0,0,0,0,0,0,0,0,0,0,0,0,0,0,0,0,0,0,0,0,0,0,0,0,0,0,0,163.7206478,65.65453937,2.493668364
166,12.002,-18.0003,60,12975895,375473,0,71996,28161852,0,0,0,65.019567,33060,32580,96,160,740,312,55,0,0,0,0,0,0,0,0,0,0,0,0,0,0,0,0,0,0,0,0,0,0,0,0,0,0,0,0,164.5842087,66.43451744,2.477389994
167,15,-18.0003,60,12970332,375445,0,71924,28309341,0,0,0,65.052133,32340,31860,85,144,678,255,60,0,0,0,0,0,0,0,0,0,0,0,0,0,0,0,0,0,0,0,0,0,0,0,0,0,0,0,0,166.2953236,64.63400575,2.572876641
168,17.998,-18.0003,60,12946514,373476,0,71634,27869501,0,0,0,65.191696,45480,44820,151,152,1482,461,84,0,0,0,0,0,0,0,0,0,0,0,0,0,0,0,0,0,0,0,0,0,0,0,0,0,0,0,0,393.9080302,104.8087281,3.758351402
169,21.001,-18.0003,60,12923050,372193,0,71350,28364510,0,0,0,65.051422,193020,190140,46609,86984,147,342,6074,0,0,0,0,0,0,0,0,0,0,0,0,0,0,0,0,0,0,0,0,0,0,0,0,0,0,0,0,112.9431321,73.45837673,1.537511951
170,23.999,-18.0003,60,12925032,369802,0,71478,59949023,0,0,0,65.023693,170700,168420,40591,71405,495,353,5224,0,0,0,0,0,0,0,0,0,0,0,0,0,0,0,0,0,0,0,0,0,0,0,0,0,0,0,0,106.3235207,69.35517459,1.533029386
171,27.002,-18.0003,60,13000331,370051,0,72290,28665230,0,0,0,65.039856,90600,89520,16147,26749,102,229,2169,0,0,0,0,0,0,0,0,0,0,0,0,0,0,0,0,0,0,0,0,0,0,0,0,0,0,0,0,67.25649448,52.19941756,1.288452968
172,30,-18.0003,60,12975539,372339,0,71950,28002902,0,0,0,65.029358,39540,39000,1391,2033,47,105,232,0,0,0,0,0,0,0,0,0,0,0,0,0,0,0,0,0,0,0,0,0,0,0,0,0,0,0,0,70.39597176,40.72052296,1.728759029
177,-30,-15.0001,60,12929399,365040,0,71416,29091162,0,0,0,65.081069,126000,124380,16148,58471,1119,422,1578,0,0,0,0,0,0,0,0,0,0,0,0,0,0,0,0,0,0,0,0,0,0,0,0,0,0,0,0,355.7369603,95.74396135,3.71550284
178,-27.002,-15.0001,60,12902657,361466,0,71149,27733222,0,0,0,65.1006,47760,47160,1469,5059,1193,382,208,0,0,0,0,0,0,0,0,0,0,0,0,0,0,0,0,0,0,0,0,0,0,0,0,0,0,0,0,336.3479084,82.12877062,4.095372497
179,-23.999,-15.0001,60,13009573,360520,0,72491,59949129,0,0,0,65.088711,40500,39960,440,1394,1096,371,98,0,0,0,0,0,0,0,0,0,0,0,0,0,0,0,0,0,0,0,0,0,0,0,0,0,0,0,0,341.0316058,78.01324106,4.371457988
180,-21.001,-15.0001,60,12987204,364770,0,72109,27858814,0,0,0,65.07912,37140,36600,142,297,1049,365,76,0,0,0,0,0,0,0,0,0,0,0,0,0,0,0,0,0,0,0,0,0,0,0,0,0,0,0,0,270.0394737,78.17617952,3.454242396
181,-17.998,-15.0001,60,12949010,366668,0,71728,59948862,0,0,0,65.028513,33960,33480,105,257,944,339,75,0,0,0,0,0,0,0,0,0,0,0,0,0,0,0,0,0,0,0,0,0,0,0,0,0,0,0,0,287.1292369,77.17172065,3.720653557
182,-15,-15.0001,60,12918396,368969,0,71315,28509015,0,0,0,65.072271,33000,32520,125,265,912,316,67,0,0,0,0,0,0,0,0,0,0,0,0,0,0,0,0,0,0,0,0,0,0,0,0,0,0,0,0,254.5869093,77.043959,3.304437008
183,-12.002,-15.0001,60,12988394,368851,0,72143,28329758,0,0,0,65.377315,32940,32460,131,219,968,339,67,0,0,0,0,0,0,0,0,0,0,0,0,0,0,0,0,0,0,0,0,0,0,0,0,0,0,0,0,263.0424152,77.18823932,3.407804317
184,-8.999,-15.0001,60,12997331,367872,0,72253,28382933,0,0,0,65.018542,33240,32760,132,226,964,315,75,0,0,0,0,0,0,0,0,0,0,0,0,0,0,0,0,0,0,0,0,0,0,0,0,0,0,0,0,273.3993679,77.44395038,3.530286957
185,-6.001,-15.0001,60,12984408,367563,0,72143,59949146,0,0,0,65.143366,33000,32460,135,193,964,297,65,0,0,0,0,0,0,0,0,0,0,0,0,0,0,0,0,0,0,0,0,0,0,0,0,0,0,0,0,263.9637392,77.54232623,3.404124586
186,-2.99801,-15.0001,60,12948524,364194,0,71701,42349391,0,0,0,65.131654,32700,32220,117,206,979,348,73,0,0,0,0,0,0,0,0,0,0,0,0,0,0,0,0,0,0,0,0,0,0,0,0,0,0,0,0,283.3140386,77.16915218,3.671337971
187,0,-15.0001,60,12910065,363453,0,71289,28560733,0,0,0,65.239537,32400,31860,112,169,931,331,58,0,0,0,0,0,0,0,0,0,0,0,0,0,0,0,0,0,0,0,0,0,0,0,0,0,0,0,0,279.1382236,77.03631953,3.623462612
188,2.99801,-15.0001,60,12981166,358543,0,72098,28749993,0,0,0,65.218074,31860,31380,114,182,914,329,59,0,0,0,0,0,0,0,0,0,0,0,0,0,0,0,0,0,0,0,0,0,0,0,0,0,0,0,0,263.6247505,75.80648948,3.477601354
189,6.001,-15.0001,60,12962999,359750,0,71923,59949122,0,0,0,65.134574,32280,31800,104,178,933,322,63,0,0,0,0,0,0,0,0,0,0,0,0,0,0,0,0,0,0,0,0,0,0,0,0,0,0,0,0,257.4956753,75.62361556,3.404963825
190,8.999,-15.0001,60,12944418,372693,0,71652,27984756,0,0,0,65.146737,32940,32460,114,169,951,341,73,0,0,0,0,0,0,0,0,0,0,0,0,0,0,0,0,0,0,0,0,0,0,0,0,0,0,0,0,235.7103022,76.98978976,3.061578723
191,12.002,-15.0001,60,12916247,371062,0,71300,27677472,0,0,0,65.054149,33300,32760,111,175,914,310,55,0,0,0,0,0,0,0,0,0,0,0,0,0,0,0,0,0,0,0,0,0,0,0,0,0,0,0,0,237.9766238,76.75700542,3.100389632
192,15,-15.0001,60,12987879,367997,0,72137,27968052,0,0,0,65.25262,33000,32520,100,179,910,317,75,0,0,0,0,0,0,0,0,0,0,0,0,0,0,0,0,0,0,0,0,0,0,0,0,0,0,0,0,243.4691935,75.92849994,3.206558719
193,17.998,-15.0001,60,12971411,372595,0,71948,28462695,0,0,0,65.090079,46440,45840,247,398,1557,472,108,0,0,0,0,0,0,0,0,0,0,0,0,0,0,0,0,0,0,0,0,0,0,0,0,0,0,0,0,358.2832625,107.4792523,3.333510932
194,21.001,-15.0001,60,12921568,369950,0,71359,28108052,0,0,0,65.224808,198240,195300,50094,88294,147,323,6413,0,0,0,0,0,0,0,0,0,0,0,0,0,0,0,0,0,0,0,0,0,0,0,0,0,0,0,0,137.0423675,73.81259157,1.856625876
195,23.999,-15.0001,60,12888859,371008,0,70985,28872878,0,0,0,65.07786,192180,189540,48762,83747,126,317,6391,0,0,0,0,0,0,0,0,0,0,0,0,0,0,0,0,0,0,0,0,0,0,0,0,0,0,0,0,113.2680639,73.26681236,1.545966861
196,27.002,-15.0001,60,12889691,368479,0,70964,28168687,0,0,0,64.92956,167940,165600,41872,68319,112,329,5586,0,0,0,0,0,0,0,0,0,0,0,0,0,0,0,0,0,0,0,0,0,0,0,0,0,0,0,0,105.1763228,68.73199002,1.530238289
197,30,-15.0001,60,12992011,370394,0,72207,28215012,0,0,0,65.009961,77160,76260,12697,18948,79,166,1807,0,0,0,0,0,0,0,0,0,0,0,0,0,0,0,0,0,0,0,0,0,0,0,0,0,0,0,0,69.43342037,49.19036456,1.411524818
201,-32.998,-12,60,12963846,357088,0,71903,59942373,0,0,0,64.973156,211320,208260,32983,125980,94,156,3058,0,0,0,0,0,0,0,0,0,0,0,0,0,0,0,0,0,0,0,0,0,0,0,0,0,0,0,0,176.4495537,64.38404905,2.740578704
202,-30,-12,60,12954370,365851,0,71799,59949052,0,0,0,65.02179,237360,233580,38861,141410,763,339,3802,0,0,0,0,0,0,0,0,0,0,0,0,0,0,0,0,0,0,0,0,0,0,0,0,0,0,0,0,269.6305732,98.07337043,2.749274059
203,-27.002,-12,60,12942425,362332,0,71694,59948768,0,0,0,65.045442,44520,43920,1165,3832,1285,403,167,0,0,0,0,0,0,0,0,0,0,0,0,0,0,0,0,0,0,0,0,0,0,0,0,0,0,0,0,365.1473237,85.86981883,4.252336021
204,-23.999,-12,60,13049573,366028,0,72892,28509688,0,0,0,65.21203,36960,36480,223,625,1178,380,74,0,0,0,0,0,0,0,0,0,0,0,0,0,0,0,0,0,0,0,0,0,0,0,0,0,0,0,0,364.4556343,83.89850345,4.34400638
205,-21.001,-12,60,13009418,368421,0,72435,28125851,0,0,0,64.993743,34800,34260,130,330,1134,384,73,0,0,0,0,0,0,0,0,0,0,0,0,0,0,0,0,0,0,0,0,0,0,0,0,0,0,0,0,299.4261477,84.8641637,3.528299045
206,-17.998,-12,60,12975692,366524,0,72117,59948799,0,0,0,65.13429,32640,32220,150,337,1051,369,83,0,0,0,0,0,0,0,0,0,0,0,0,0,0,0,0,0,0,0,0,0,0,0,0,0,0,0,0,332.5223014,85.73338388,3.87856266
207,-15,-12,60,12944971,369669,0,71669,28702431,0,0,0,65.038542,32100,31680,161,284,1099,370,89,0,0,0,0,0,0,0,0,0,0,0,0,0,0,0,0,0,0,0,0,0,0,0,0,0,0,0,0,308.6277566,86.38525722,3.572690139
208,-12.002,-12,60,12985061,369469,0,72177,54254726,0,0,0,64.91062,31920,31440,164,278,1053,344,64,0,0,0,0,0,0,0,0,0,0,0,0,0,0,0,0,0,0,0,0,0,0,0,0,0,0,0,0,316.0006632,86.09359947,3.670431544
209,-8.999,-12,60,13025818,369878,0,72626,28102975,0,0,0,65.142521,31980,31500,142,278,1030,332,84,0,0,0,0,0,0,0,0,0,0,0,0,0,0,0,0,0,0,0,0,0,0,0,0,0,0,0,0,316.683452,86.59273526,3.657159588
210,-6.001,-12,60,12988172,367431,0,72241,59948854,0,0,0,65.199242,32100,31620,152,279,1052,378,76,0,0,0,0,0,0,0,0,0,0,0,0,0,0,0,0,0,0,0,0,0,0,0,0,0,0,0,0,316.7950969,86.20800222,3.674775992
211,-2.99801,-12,60,12938680,357956,0,71542,27976061,0,0,0,64.988008,30960,30540,150,243,1007,326,74,0,0,0,0,0,0,0,0,0,0,0,0,0,0,0,0,0,0,0,0,0,0,0,0,0,0,0,0,324.2052344,84.49898542,3.836794404
212,0,-12,60,12915812,361689,0,71337,59948845,0,0,0,65.042851,31560,31080,170,253,996,344,79,0,0,0,0,0,0,0,0,0,0,0,0,0,0,0,0,0,0,0,0,0,0,0,0,0,0,0,0,315.1174424,85.34293877,3.692366902
213,2.99801,-12,60,13018685,367652,0,72484,28616582,0,0,0,65.229068,31740,31260,155,250,1025,375,80,0,0,0,0,0,0,0,0,0,0,0,0,0,0,0,0,0,0,0,0,0,0,0,0,0,0,0,0,322.9156866,86.21570043,3.745439462
214,6.001,-12,60,12969597,369315,0,72003,59948757,0,0,0,64.99567,31800,31380,147,217,1054,358,85,0,0,0,0,0,0,0,0,0,0,0,0,0,0,0,0,0,0,0,0,0,0,0,0,0,0,0,0,301.0293192,86.40622708,3.483884546
215,8.999,-12,60,12939825,368223,0,71654,56867275,0,0,0,65.054727,31500,31020,148,224,1049,373,73,0,0,0,0,0,0,0,0,0,0,0,0,0,0,0,0,0,0,0,0,0,0,0,0,0,0,0,0,285.4700713,84.92760622,3.361334247
216,12.002,-12,60,12913878,367133,0,71278,28226942,0,0,0,65.001306,31080,30660,138,192,979,362,65,0,0,0,0,0,0,0,0,0,0,0,0,0,0,0,0,0,0,0,0,0,0,0,0,0,0,0,0,300.2865196,84.12142285,3.569679512
217,15,-12,60,12984516,367956,0,72122,28345113,0,0,0,65.001705,31260,30780,140,179,981,356,66,0,0,0,0,0,0,0,0,0,0,0,0,0,0,0,0,0,0,0,0,0,0,0,0,0,0,0,0,299.8696734,83.63365773,3.585514271
218,17.998,-12,60,13027588,368708,0,72631,28510527,0,0,0,65.05744,51360,50700,2054,3496,1507,459,357,0,0,0,0,0,0,0,0,0,0,0,0,0,0,0,0,0,0,0,0,0,0,0,0,0,0,0,0,289.8297366,107.207516,2.703446059
219,21.001,-12,60,12981642,356677,0,71998,28091925,0,0,0,64.967267,199560,196620,51936,88997,126,259,6777,0,0,0,0,0,0,0,0,0,0,0,0,0,0,0,0,0,0,0,0,0,0,0,0,0,0,0,0,107.648916,72.09898017,1.493071272
220,23.999,-12,60,12933289,368056,0,71436,28436309,0,0,0,65.037807,198840,196020,52423,86474,124,363,6991,0,0,0,0,0,0,0,0,0,0,0,0,0,0,0,0,0,0,0,0,0,0,0,0,0,0,0,0,116.1174556,73.69613598,1.575624747
221,27.002,-12,60,12901314,368300,0,71102,28506165,0,0,0,65.04997,191220,188520,50861,80275,114,314,6791,0,0,0,0,0,0,0,0,0,0,0,0,0,0,0,0,0,0,0,0,0,0,0,0,0,0,0,0,112.5906484,73.01766906,1.54196443
222,30,-12,60,12993279,362902,0,72208,27836127,0,0,0,64.991835,148680,146760,37157,56272,107,269,5086,0,0,0,0,0,0,0,0,0,0,0,0,0,0,0,0,0,0,0,0,0,0,0,0,0,0,0,0,95.27859888,64.44277714,1.478499269
223,32.998,-12,60,12957617,367067,0,71861,59949240,0,0,0,65.100719,37860,37320,28,68,47,120,43,0,0,0,0,0,0,0,0,0,0,0,0,0,0,0,0,0,0,0,0,0,0,0,0,0,0,0,0,59.63461538,40.34548862,1.478098727
226,-32.998,-8.99984,60,12919823,363191,0,71313,27997777,0,0,0,65.132272,393900,385440,69431,257744,106,160,6399,0,0,0,0,0,0,0,0,0,0,0,0,0,0,0,0,0,0,0,0,0,0,0,0,0,0,0,0,301.0839303,91.37356436,3.295087943
227,-30,-8.99984,60,12887444,360346,0,70878,28046959,0,0,0,65.084196,359400,351960,64210,231424,266,210,6144,0,0,0,0,0,0,0,0,0,0,0,0,0,0,0,0,0,0,0,0,0,0,0,0,0,0,0,0,239.7721143,93.80076163,2.556185154
228,-27.002,-8.99984,60,12970878,362019,0,71887,28313243,0,0,0,65.286856,47400,46800,2190,6866,1231,391,271,0,0,0,0,0,0,0,0,0,0,0,0,0,0,0,0,0,0,0,0,0,0,0,0,0,0,0,0,376.7467949,92.16699688,4.087654015
229,-23.999,-8.99984,60,12958869,352132,0,71864,59949090,0,0,0,65.118404,37980,37440,688,2006,1214,386,145,0,0,0,0,0,0,0,0,0,0,0,0,0,0,0,0,0,0,0,0,0,0,0,0,0,0,0,0,360.6219228,89.41447864,4.033149086
230,-21.001,-8.99984,60,12939432,355669,0,71608,59948969,0,0,0,65.184177,37020,36480,706,2012,1143,360,138,0,0,0,0,0,0,0,0,0,0,0,0,0,0,0,0,0,0,0,0,0,0,0,0,0,0,0,0,320.3954568,92.87719391,3.44966771
231,-17.998,-8.99984,60,12937176,360730,0,71599,59948938,0,0,0,65.128632,36840,36360,819,2033,1113,325,123,0,0,0,0,0,0,0,0,0,0,0,0,0,0,0,0,0,0,0,0,0,0,0,0,0,0,0,0,306.3235246,96.47535743,3.175147859
232,-15,-8.99984,60,12960606,359649,0,71903,59948963,0,0,0,65.11731,36540,36000,762,1908,1155,362,145,0,0,0,0,0,0,0,0,0,0,0,0,0,0,0,0,0,0,0,0,0,0,0,0,0,0,0,0,292.416242,96.33495192,3.035411719
233,-12.002,-8.99984,60,13002616,361461,0,72353,28131240,0,0,0,65.120547,36000,35520,690,1706,1119,347,141,0,0,0,0,0,0,0,0,0,0,0,0,0,0,0,0,0,0,0,0,0,0,0,0,0,0,0,0,314.9886569,96.56570437,3.261910209
234,-8.999,-8.99984,60,12972038,350952,0,72029,59949091,0,0,0,65.100536,34620,34140,656,1424,1025,355,126,0,0,0,0,0,0,0,0,0,0,0,0,0,0,0,0,0,0,0,0,0,0,0,0,0,0,0,0,287.6005261,93.73065057,3.068372238
235,-6.001,-8.99984,60,12963124,360591,0,71802,28255833,0,0,0,65.192889,36000,35520,961,2073,1048,322,175,0,0,0,0,0,0,0,0,0,0,0,0,0,0,0,0,0,0,0,0,0,0,0,0,0,0,0,0,287.207299,95.84159457,2.996687402
236,-2.99801,-8.99984,60,12964159,363010,0,71841,27976396,0,0,0,65.248122,35760,35280,678,1457,1167,357,124,0,0,0,0,0,0,0,0,0,0,0,0,0,0,0,0,0,0,0,0,0,0,0,0,0,0,0,0,303.46966,96.83920388,3.133747985
237,0,-8.99984,60,13077963,363392,0,73218,28193783,0,0,0,65.044948,34860,34380,519,990,1122,357,120,0,0,0,0,0,0,0,0,0,0,0,0,0,0,0,0,0,0,0,0,0,0,0,0,0,0,0,0,290.972382,96.61367265,3.011710186
238,2.99801,-8.99984,60,13048713,349922,0,72948,59948049,0,0,0,65.114138,35040,34560,955,1585,1013,343,181,0,0,0,0,0,0,0,0,0,0,0,0,0,0,0,0,0,0,0,0,0,0,0,0,0,0,0,0,279.048167,94.07041925,2.966375288
239,6.001,-8.99984,60,13006366,358530,0,72335,27842172,0,0,0,65.158646,35580,35100,938,1496,1102,383,169,0,0,0,0,0,0,0,0,0,0,0,0,0,0,0,0,0,0,0,0,0,0,0,0,0,0,0,0,289.9311195,96.05507792,3.018384096
240,8.999,-8.99984,60,12970248,358001,0,72026,59948985,0,0,0,65.083608,34800,34320,711,1114,1089,341,172,0,0,0,0,0,0,0,0,0,0,0,0,0,0,0,0,0,0,0,0,0,0,0,0,0,0,0,0,280.8750616,95.18691023,2.950774019
241,12.002,-8.99984,60,13011643,359496,0,72389,28548626,0,0,0,65.009602,34140,33600,384,666,1142,350,127,0,0,0,0,0,0,0,0,0,0,0,0,0,0,0,0,0,0,0,0,0,0,0,0,0,0,0,0,287.4252836,94.61906561,3.037710019
242,15,-8.99984,60,13036175,359489,0,72664,28355776,0,0,0,65.077789,34500,33960,587,991,1084,342,128,0,0,0,0,0,0,0,0,0,0,0,0,0,0,0,0,0,0,0,0,0,0,0,0,0,0,0,0,286.8168667,94.07004418,3.048971319
243,17.998,-8.99984,60,13000288,358923,0,72306,28456050,0,0,0,65.216444,84240,83220,13947,23762,1184,405,1916,0,0,0,0,0,0,0,0,0,0,0,0,0,0,0,0,0,0,0,0,0,0,0,0,0,0,0,0,349.8574576,97.39720408,3.592068796
244,21.001,-8.99984,60,12974897,358387,0,71998,28433112,0,0,0,65.130646,205380,202380,55340,91304,115,298,7254,0,0,0,0,0,0,0,0,0,0,0,0,0,0,0,0,0,0,0,0,0,0,0,0,0,0,0,0,270.2768166,73.11772069,3.696461187
245,23.999,-8.99984,60,12949011,357576,0,71662,28154177,0,0,0,65.302631,197280,194460,53866,85237,105,320,7165,0,0,0,0,0,0,0,0,0,0,0,0,0,0,0,0,0,0,0,0,0,0,0,0,0,0,0,0,107.4051415,72.07465668,1.490192897
246,27.002,-8.99984,60,13066953,357600,0,73048,28503518,0,0,0,65.824554,189240,186480,52669,80286,137,291,7135,0,0,0,0,0,0,0,0,0,0,0,0,0,0,0,0,0,0,0,0,0,0,0,0,0,0,0,0,107.9152297,71.35218848,1.51243055
247,30,-8.99984,60,13028061,355154,0,72629,28473498,0,0,0,65.109834,181200,178740,50326,73561,106,291,6788,0,0,0,0,0,0,0,0,0,0,0,0,0,0,0,0,0,0,0,0,0,0,0,0,0,0,0,0,107.4689349,69.98016468,1.535705659
248,32.998,-8.99984,60,12989086,351627,0,72182,28653598,0,0,0,65.104304,44280,43680,47,146,79,165,63,0,0,0,0,0,0,0,0,0,0,0,0,0,0,0,0,0,0,0,0,0,0,0,0,0,0,0,0,58.47654321,41.38974322,1.412826915
251,-32.998,-5.99969,60,12927549,355468,0,71411,27951865,0,0,0,65.150788,411240,402180,74228,270241,89,192,6792,0,0,0,0,0,0,0,0,0,0,0,0,0,0,0,0,0,0,0,0,0,0,0,0,0,0,0,0,323.8459251,93.08433326,3.479059405
252,-30,-5.99969,60,12985030,355847,0,72136,28286515,0,0,0,65.097387,399660,391020,74083,259210,99,159,7082,0,0,0,0,0,0,0,0,0,0,0,0,0,0,0,0,0,0,0,0,0,0,0,0,0,0,0,0,282.3862684,92.09337389,3.066303866
253,-27.002,-5.99969,60,12991917,350619,0,72234,28141937,0,0,0,65.127345,130740,129120,20535,66701,985,334,2101,0,0,0,0,0,0,0,0,0,0,0,0,0,0,0,0,0,0,0,0,0,0,0,0,0,0,0,0,283.1305722,95.43971158,2.966590819
254,-23.999,-5.99969,60,12949066,347646,0,71767,59949256,0,0,0,65.222099,112140,110880,17153,54180,933,356,1852,0,0,0,0,0,0,0,0,0,0,0,0,0,0,0,0,0,0,0,0,0,0,0,0,0,0,0,0,267.5891229,94.8430171,2.821389819
255,-21.001,-5.99969,60,12901508,348528,0,71184,59949031,0,0,0,65.09251,110940,109620,17616,51940,909,288,1827,0,0,0,0,0,0,0,0,0,0,0,0,0,0,0,0,0,0,0,0,0,0,0,0,0,0,0,0,232.4510932,97.25418538,2.390139738
256,-17.998,-5.99969,60,12904689,349594,0,71219,28359750,0,0,0,65.176534,109260,108000,17709,50023,889,304,1930,0,0,0,0,0,0,0,0,0,0,0,0,0,0,0,0,0,0,0,0,0,0,0,0,0,0,0,0,211.3633076,98.42677656,2.147416739
257,-15,-5.99969,60,12973331,350673,0,72019,28143207,0,0,0,65.298331,110040,108780,17206,46874,2275,418,2060,0,0,0,0,0,0,0,0,0,0,0,0,0,0,0,0,0,0,0,0,0,0,0,0,0,0,0,0,211.6261713,99.10596299,2.135352555
258,-12.002,-5.99969,60,12966703,351054,0,71945,49299431,0,0,0,65.204371,102780,101580,17126,44482,919,343,1890,0,0,0,0,0,0,0,0,0,0,0,0,0,0,0,0,0,0,0,0,0,0,0,0,0,0,0,0,189.3537728,98.46688376,1.923019858
259,-8.999,-5.99969,60,12962292,353445,0,71859,28494675,0,0,0,65.039446,98100,97020,16151,40332,886,289,1969,0,0,0,0,0,0,0,0,0,0,0,0,0,0,0,0,0,0,0,0,0,0,0,0,0,0,0,0,193.1776476,98.84730091,1.954303717
260,-6.001,-5.99969,60,12941987,343458,0,71619,28429968,0,0,0,64.989311,99600,98460,17602,41234,774,329,2125,0,0,0,0,0,0,0,0,0,0,0,0,0,0,0,0,0,0,0,0,0,0,0,0,0,0,0,0,184.3092159,95.00479437,1.939999104
261,-2.99801,-5.99969,60,13044398,356213,0,72919,59948887,0,0,0,65.133504,94860,93720,16666,36530,910,322,2063,0,0,0,0,0,0,0,0,0,0,0,0,0,0,0,0,0,0,0,0,0,0,0,0,0,0,0,0,187.1433219,98.16672112,1.906382528
262,0,-5.99969,60,13015436,356995,0,72477,28456946,0,0,0,65.104159,88020,87060,14982,31918,946,313,1870,0,0,0,0,0,0,0,0,0,0,0,0,0,0,0,0,0,0,0,0,0,0,0,0,0,0,0,0,199.9795384,98.67218,2.026706397
263,2.99801,-5.99969,60,12984258,357850,0,72125,28347736,0,0,0,65.234553,90360,89340,16215,32254,952,307,1978,0,0,0,0,0,0,0,0,0,0,0,0,0,0,0,0,0,0,0,0,0,0,0,0,0,0,0,0,188.9819424,100.3531218,1.883169542
264,6.001,-5.99969,60,12951089,355309,0,71743,32464986,0,0,0,65.145585,88260,87240,16097,30326,897,360,2134,0,0,0,0,0,0,0,0,0,0,0,0,0,0,0,0,0,0,0,0,0,0,0,0,0,0,0,0,193.052218,98.949594,1.951015767
265,8.999,-5.99969,60,12978693,356266,0,72033,27576950,0,0,0,65.157286,80400,79440,13728,25509,966,324,1832,0,0,0,0,0,0,0,0,0,0,0,0,0,0,0,0,0,0,0,0,0,0,0,0,0,0,0,0,189.4778864,99.16606009,1.910713062
266,12.002,-5.99969,60,13050226,357595,0,72994,59948875,0,0,0,65.163626,76020,75120,12640,22207,982,366,1759,0,0,0,0,0,0,0,0,0,0,0,0,0,0,0,0,0,0,0,0,0,0,0,0,0,0,0,0,188.617808,98.31818832,1.918442673
267,15,-5.99969,60,13039594,358142,0,72775,27962511,0,0,0,65.238208,78480,77580,14204,23501,987,307,1890,0,0,0,0,0,0,0,0,0,0,0,0,0,0,0,0,0,0,0,0,0,0,0,0,0,0,0,0,210.0268424,97.40870081,2.156140474
268,17.998,-5.99969,60,13001467,356558,0,72335,28925474,0,0,0,65.178231,159960,157860,40242,66434,549,333,5212,0,0,0,0,0,0,0,0,0,0,0,0,0,0,0,0,0,0,0,0,0,0,0,0,0,0,0,0,204.1184211,84.26073755,2.422461837
269,21.001,-5.99969,60,12958985,355240,0,71869,28317216,0,0,0,65.11692,208320,205320,58110,92107,133,277,7726,0,0,0,0,0,0,0,0,0,0,0,0,0,0,0,0,0,0,0,0,0,0,0,0,0,0,0,0,105.7357922,72.47063288,1.459015714
270,23.999,-5.99969,60,13066750,351331,0,73088,28592416,0,0,0,65.333322,197880,195060,55823,85210,114,288,7523,0,0,0,0,0,0,0,0,0,0,0,0,0,0,0,0,0,0,0,0,0,0,0,0,0,0,0,0,104.6513657,71.00434456,1.473872709
271,27.002,-5.99969,60,13040836,359339,0,72800,28303667,0,0,0,65.255516,196500,193560,56052,81751,117,271,7667,0,0,0,0,0,0,0,0,0,0,0,0,0,0,0,0,0,0,0,0,0,0,0,0,0,0,0,0,107.6072564,72.11779916,1.492103998
272,30,-5.99969,60,12993953,360329,0,72186,27392895,0,0,0,65.139765,191520,188760,55190,77200,100,273,7619,0,0,0,0,0,0,0,0,0,0,0,0,0,0,0,0,0,0,0,0,0,0,0,0,0,0,0,0,108.7408764,71.7951517,1.51459916
273,32.998,-5.99969,60,12967674,359903,0,71871,28254228,0,0,0,65.090517,48660,48000,69,172,88,190,97,0,0,0,0,0,0,0,0,0,0,0,0,0,0,0,0,0,0,0,0,0,0,0,0,0,0,0,0,60.94320988,43.60364012,1.397663353
276,-32.998,-3.00017,60,13015206,356205,0,72497,28033724,0,0,0,65.048252,424080,414480,78015,276063,101,185,7367,0,0,0,0,0,0,0,0,0,0,0,0,0,0,0,0,0,0,0,0,0,0,0,0,0,0,0,0,344.7447924,94.44657154,3.650156768
277,-30,-3.00017,60,13024937,358959,0,72586,28409104,0,0,0,65.228869,413160,403920,78194,266735,86,181,7708,0,0,0,0,0,0,0,0,0,0,0,0,0,0,0,0,0,0,0,0,0,0,0,0,0,0,0,0,312.0978511,93.75783773,3.328765452
278,-27.002,-3.00017,60,13007449,358579,0,72390,28486636,0,0,0,65.414928,329400,323100,63620,206186,301,233,6276,0,0,0,0,0,0,0,0,0,0,0,0,0,0,0,0,0,0,0,0,0,0,0,0,0,0,0,0,244.5391046,95.12216313,2.570789988
279,-23.999,-3.00017,60,12969576,349235,0,72004,28024569,0,0,0,65.17668,299040,293700,59168,182811,322,210,6062,0,0,0,0,0,0,0,0,0,0,0,0,0,0,0,0,0,0,0,0,0,0,0,0,0,0,0,0,165.3245875,91.86217135,1.799702588
280,-21.001,-3.00017,60,12976255,357172,0,72142,59916583,0,0,0,65.090429,299520,294180,60450,180245,308,227,6377,0,0,0,0,0,0,0,0,0,0,0,0,0,0,0,0,0,0,0,0,0,0,0,0,0,0,0,0,141.3636364,93.14954562,1.517598775
281,-17.998,-3.00017,60,13031360,362349,0,72805,59948589,0,0,0,65.111694,295800,290580,62021,173955,336,216,6509,0,0,0,0,0,0,0,0,0,0,0,0,0,0,0,0,0,0,0,0,0,0,0,0,0,0,0,0,160.6040939,93.43907035,1.718810913
282,-15,-3.00017,60,13007624,359803,0,72416,28149864,0,0,0,65.215383,288480,283380,59872,160357,3333,567,6652,0,0,0,0,0,0,0,0,0,0,0,0,0,0,0,0,0,0,0,0,0,0,0,0,0,0,0,0,133.9073948,93.14374878,1.437642317
283,-12.002,-3.00017,60,12963023,360566,0,71929,59948797,0,0,0,65.036313,270720,266100,59584,152075,352,233,6727,0,0,0,0,0,0,0,0,0,0,0,0,0,0,0,0,0,0,0,0,0,0,0,0,0,0,0,0,136.8905654,91.47185554,1.496532071
284,-8.999,-3.00017,60,12923102,358966,0,71390,28001302,0,0,0,65.07896,256380,252300,57492,140485,374,283,6659,0,0,0,0,0,0,0,0,0,0,0,0,0,0,0,0,0,0,0,0,0,0,0,0,0,0,0,0,144.3496422,90.60446271,1.593184683
285,-6.001,-3.00017,60,13008421,364668,0,72432,28260924,0,0,0,65.287898,259560,255180,60299,140473,312,240,6952,0,0,0,0,0,0,0,0,0,0,0,0,0,0,0,0,0,0,0,0,0,0,0,0,0,0,0,0,127.7829922,89.21924766,1.432235706
286,-2.99801,-3.00017,60,13012451,363756,0,72490,28312050,0,0,0,65.064651,242460,238680,57465,126423,334,258,6793,0,0,0,0,0,0,0,0,0,0,0,0,0,0,0,0,0,0,0,0,0,0,0,0,0,0,0,0,138.2474621,88.4675862,1.562690564
287,0,-3.00017,60,12993348,358861,0,72245,59948666,0,0,0,65.034327,224220,220740,54253,113415,349,272,6346,0,0,0,0,0,0,0,0,0,0,0,0,0,0,0,0,0,0,0,0,0,0,0,0,0,0,0,0,141.6222849,87.52803165,1.618022046
288,2.99801,-3.00017,60,12981219,364822,0,72055,59945322,0,0,0,65.033152,223200,219780,54897,110119,388,283,6838,0,0,0,0,0,0,0,0,0,0,0,0,0,0,0,0,0,0,0,0,0,0,0,0,0,0,0,0,154.8157447,88.30392829,1.753214695
289,6.001,-3.00017,60,12976525,364652,0,71940,28242861,0,0,0,65.034415,216840,213540,54523,104550,360,297,6813,0,0,0,0,0,0,0,0,0,0,0,0,0,0,0,0,0,0,0,0,0,0,0,0,0,0,0,0,143.5727077,86.99575901,1.650341457
290,8.999,-3.00017,60,13038884,364278,0,72742,28015262,0,0,0,65.076424,198600,195720,50537,92316,425,271,6330,0,0,0,0,0,0,0,0,0,0,0,0,0,0,0,0,0,0,0,0,0,0,0,0,0,0,0,0,150.386254,87.3213058,1.722217191
291,12.002,-3.00017,60,13034921,365975,0,72801,59949050,0,0,0,65.098052,189960,187200,48857,84401,468,281,6250,0,0,0,0,0,0,0,0,0,0,0,0,0,0,0,0,0,0,0,0,0,0,0,0,0,0,0,0,158.7012814,87.32891982,1.817282084
292,15,-3.00017,60,13006220,365714,0,72361,28315659,0,0,0,65.148361,192600,189900,50922,84691,381,335,6684,0,0,0,0,0,0,0,0,0,0,0,0,0,0,0,0,0,0,0,0,0,0,0,0,0,0,0,0,144.0574391,85.35894641,1.687666556
293,17.998,-3.00017,60,12953695,365733,0,71742,28473161,0,0,0,65.128789,227220,223680,64008,101737,169,289,8450,0,0,0,0,0,0,0,0,0,0,0,0,0,0,0,0,0,0,0,0,0,0,0,0,0,0,0,0,110.1607522,76.69165216,1.436411253
294,21.001,-3.00017,60,13051397,362540,0,72862,28548865,0,0,0,65.074696,220200,216900,62811,96245,162,270,8490,0,0,0,0,0,0,0,0,0,0,0,0,0,0,0,0,0,0,0,0,0,0,0,0,0,0,0,0,125.0698427,74.67705864,1.674809439
295,23.999,-3.00017,60,13033753,360041,0,72671,27939097,0,0,0,65.14717,210360,207180,61174,89965,135,281,8173,0,0,0,0,0,0,0,0,0,0,0,0,0,0,0,0,0,0,0,0,0,0,0,0,0,0,0,0,107.0846332,73.20322884,1.462840299
296,27.002,-3.00017,60,13009429,365132,0,72373,28153738,0,0,0,65.105042,206160,203040,60593,84899,110,302,8132,0,0,0,0,0,0,0,0,0,0,0,0,0,0,0,0,0,0,0,0,0,0,0,0,0,0,0,0,107.701937,73.42988405,1.466731677
297,30,-3.00017,60,12975816,367514,0,72113,59949094,0,0,0,65.075747,199080,196260,58911,79422,128,296,8014,0,0,0,0,0,0,0,0,0,0,0,0,0,0,0,0,0,0,0,0,0,0,0,0,0,0,0,0,109.1622922,73.27904272,1.489679561
298,32.998,-3.00017,60,12999363,369120,0,72264,28518783,0,0,0,65.238688,49980,49320,45,65,100,186,96,0,0,0,0,0,0,0,0,0,0,0,0,0,0,0,0,0,0,0,0,0,0,0,0,0,0,0,0,170.5915222,44.87714444,3.801300736
301,-32.998,0,60,13038347,363452,0,72726,28270273,0,0,0,64.997146,443940,433740,83551,288224,89,162,7932,0,0,0,0,0,0,0,0,0,0,0,0,0,0,0,0,0,0,0,0,0,0,0,0,0,0,0,0,375.1182637,97.40460054,3.851134973
302,-30,0,60,13017147,365738,0,72463,28221728,0,0,0,64.987113,430980,421080,83211,276450,91,149,8079,0,0,0,0,0,0,0,0,0,0,0,0,0,0,0,0,0,0,0,0,0,0,0,0,0,0,0,0,342.833087,96.45924182,3.554175634
303,-27.002,0,60,12972597,361360,0,71893,28825417,0,0,0,65.263662,408600,399540,81872,258988,118,174,8242,0,0,0,0,0,0,0,0,0,0,0,0,0,0,0,0,0,0,0,0,0,0,0,0,0,0,0,0,297.5327747,93.66617452,3.176523182
304,-23.999,0,60,12946889,351809,0,71570,28605837,0,0,0,65.082317,383580,375480,78874,239510,87,218,8150,0,0,0,0,0,0,0,0,0,0,0,0,0,0,0,0,0,0,0,0,0,0,0,0,0,0,0,0,214.7569397,90.04727381,2.384935497
305,-21.001,0,60,13043454,363134,0,72817,59948923,0,0,0,64.976447,385320,377280,81331,236498,87,193,8676,0,0,0,0,0,0,0,0,0,0,0,0,0,0,0,0,0,0,0,0,0,0,0,0,0,0,0,0,163.9860073,91.22853467,1.797529774
306,-17.998,0,60,13005409,362291,0,72387,59948645,0,0,0,65.042834,372660,364800,81488,224462,102,186,8575,0,0,0,0,0,0,0,0,0,0,0,0,0,0,0,0,0,0,0,0,0,0,0,0,0,0,0,0,148.8407164,89.94776308,1.65474617
307,-15,0,60,12977043,362780,0,72017,59948835,0,0,0,65.0257,359760,352620,80742,212705,139,194,8842,0,0,0,0,0,0,0,0,0,0,0,0,0,0,0,0,0,0,0,0,0,0,0,0,0,0,0,0,144.3199344,88.66137458,1.627765586
308,-12.002,0,60,12940919,361376,0,71505,28124039,0,0,0,64.99826,346260,339300,80601,199863,97,209,8967,0,0,0,0,0,0,0,0,0,0,0,0,0,0,0,0,0,0,0,0,0,0,0,0,0,0,0,0,139.5244353,87.15406608,1.600894159
309,-8.999,0,60,12995839,365919,0,72188,28206340,0,0,0,65.071223,337440,330900,80109,190830,92,239,9240,0,0,0,0,0,0,0,0,0,0,0,0,0,0,0,0,0,0,0,0,0,0,0,0,0,0,0,0,137.0743688,86.71140906,1.580811226
310,-6.001,0,60,12996052,365952,0,72269,59948941,0,0,0,65.201895,322200,316020,79009,178135,88,228,9210,0,0,0,0,0,0,0,0,0,0,0,0,0,0,0,0,0,0,0,0,0,0,0,0,0,0,0,0,132.4678987,85.07413709,1.557087773
311,-2.99801,0,60,12945177,352889,0,71692,59948954,0,0,0,65.029372,302400,296940,75608,163406,111,225,9045,0,0,0,0,0,0,0,0,0,0,0,0,0,0,0,0,0,0,0,0,0,0,0,0,0,0,0,0,131.7934466,81.44350614,1.618219216
312,0,0,60,12903386,360535,0,71139,28312524,0,0,0,65.016654,298140,292680,76359,157330,100,207,9216,0,0,0,0,0,0,0,0,0,0,0,0,0,0,0,0,0,0,0,0,0,0,0,0,0,0,0,0,124.2941746,82.16887606,1.512667333
313,2.99801,0,60,12924164,363254,0,71351,28553179,0,0,0,65.039571,289020,283800,76346,148590,114,253,9383,0,0,0,0,0,0,0,0,0,0,0,0,0,0,0,0,0,0,0,0,0,0,0,0,0,0,0,0,121.9287503,81.64092149,1.49347592
314,6.001,0,60,13038824,366771,0,72775,59949213,0,0,0,65.024932,279960,274980,75310,140345,94,231,9394,0,0,0,0,0,0,0,0,0,0,0,0,0,0,0,0,0,0,0,0,0,0,0,0,0,0,0,0,119.8022544,80.95880644,1.479792745
315,8.999,0,60,13019090,366889,0,72555,59949270,0,0,0,65.022305,268260,263760,73983,130686,116,253,9256,0,0,0,0,0,0,0,0,0,0,0,0,0,0,0,0,0,0,0,0,0,0,0,0,0,0,0,0,116.4159119,79.80901556,1.458681217
316,12.002,0,60,12977789,364949,0,72033,59948952,0,0,0,64.986761,257340,253080,72187,121732,119,262,9317,0,0,0,0,0,0,0,0,0,0,0,0,0,0,0,0,0,0,0,0,0,0,0,0,0,0,0,0,113.5198764,78.36615117,1.448583026
317,15,0,60,12944070,362132,0,71586,27848242,0,0,0,65.147961,244980,241140,70184,113031,116,252,9348,0,0,0,0,0,0,0,0,0,0,0,0,0,0,0,0,0,0,0,0,0,0,0,0,0,0,0,0,110.9858038,76.95448238,1.44222663
318,17.998,0,60,13034999,362630,0,72635,28559452,0,0,0,64.99866,235620,231900,68292,105370,107,289,9005,0,0,0,0,0,0,0,0,0,0,0,0,0,0,0,0,0,0,0,0,0,0,0,0,0,0,0,0,109.3586178,76.03016419,1.438358301
319,21.001,0,60,13031088,356248,0,72607,28222934,0,0,0,65.063258,223020,219540,65812,97146,134,280,8815,0,0,0,0,0,0,0,0,0,0,0,0,0,0,0,0,0,0,0,0,0,0,0,0,0,0,0,0,106.6882896,74.01584476,1.441425007
320,23.999,0,60,13014328,359373,0,72430,28281650,0,0,0,65.000901,215700,212460,64840,90192,122,275,8768,0,0,0,0,0,0,0,0,0,0,0,0,0,0,0,0,0,0,0,0,0,0,0,0,0,0,0,0,106.1315827,73.54486733,1.443086194
321,27.002,0,60,12983095,361167,0,72021,28601201,0,0,0,65.009845,205980,203040,62018,83642,117,281,8445,0,0,0,0,0,0,0,0,0,0,0,0,0,0,0,0,0,0,0,0,0,0,0,0,0,0,0,0,104.8253444,72.47672468,1.446331148
322,30,0,60,12977165,362040,0,71970,28129053,0,0,0,65.076664,197640,194700,59899,77490,122,299,8244,0,0,0,0,0,0,0,0,0,0,0,0,0,0,0,0,0,0,0,0,0,0,0,0,0,0,0,0,103.6479966,71.68963756,1.445787705
323,32.998,0,60,13050588,360115,0,72895,28599232,0,0,0,65.167499,48420,47820,49,56,108,160,97,0,0,0,0,0,0,0,0,0,0,0,0,0,0,0,0,0,0,0,0,0,0,0,0,0,0,0,0,61.09007833,43.67811738,1.398642661
326,-32.998,3.00013,60,13038524,354739,0,72766,28246650,0,0,0,65.122313,438540,428460,84508,283874,87,164,7951,0,0,0,0,0,0,0,0,0,0,0,0,0,0,0,0,0,0,0,0,0,0,0,0,0,0,0,0,384.3355732,96.03502559,4.002035412
327,-30,3.00013,60,13007985,354469,0,72411,28307287,0,0,0,65.22453,424500,414660,84261,271212,115,144,8348,0,0,0,0,0,0,0,0,0,0,0,0,0,0,0,0,0,0,0,0,0,0,0,0,0,0,0,0,352.9801102,94.58596866,3.731844323
328,-27.002,3.00013,60,12946588,348391,0,71662,28303028,0,0,0,65.124174,404460,395640,82706,254306,107,158,8479,0,0,0,0,0,0,0,0,0,0,0,0,0,0,0,0,0,0,0,0,0,0,0,0,0,0,0,0,310.6543475,91.56220644,3.392822864
329,-23.999,3.00013,60,13025539,343521,0,72631,28451283,0,0,0,65.053023,384960,376800,81912,237890,90,187,8424,0,0,0,0,0,0,0,0,0,0,0,0,0,0,0,0,0,0,0,0,0,0,0,0,0,0,0,0,255.67401,88.69837648,2.882510596
330,-21.001,3.00013,60,13002712,352442,0,72403,59949255,0,0,0,65.066416,382260,374340,83473,232668,83,185,8860,0,0,0,0,0,0,0,0,0,0,0,0,0,0,0,0,0,0,0,0,0,0,0,0,0,0,0,0,184.9596971,89.58396812,2.064651756
331,-17.998,3.00013,60,12970609,352105,0,72013,59949035,0,0,0,65.152355,367500,359820,82546,220141,95,182,9034,0,0,0,0,0,0,0,0,0,0,0,0,0,0,0,0,0,0,0,0,0,0,0,0,0,0,0,0,150.7941296,88.2675132,1.708376323
332,-15,3.00013,60,12951877,354088,0,71720,27877890,0,0,0,65.011745,359220,351960,82910,210189,106,151,9237,0,0,0,0,0,0,0,0,0,0,0,0,0,0,0,0,0,0,0,0,0,0,0,0,0,0,0,0,151.5772461,87.66585651,1.729033995
333,-12.002,3.00013,60,13021276,358253,0,72662,59949252,0,0,0,65.110475,349440,342300,83094,200757,107,184,9519,0,0,0,0,0,0,0,0,0,0,0,0,0,0,0,0,0,0,0,0,0,0,0,0,0,0,0,0,140.1097427,87.01468216,1.610185078
334,-8.999,3.00013,60,13018114,357181,0,72508,28419568,0,0,0,65.231074,336180,329820,82527,189641,88,197,9507,0,0,0,0,0,0,0,0,0,0,0,0,0,0,0,0,0,0,0,0,0,0,0,0,0,0,0,0,135.7501368,85.39097185,1.589748119
335,-6.001,3.00013,60,12991772,357132,0,72305,59949108,0,0,0,65.077359,325080,319020,81863,178886,112,211,9705,0,0,0,0,0,0,0,0,0,0,0,0,0,0,0,0,0,0,0,0,0,0,0,0,0,0,0,0,174.3920841,84.4355838,2.065386135
336,-2.99801,3.00013,60,12955867,348704,0,71770,28072124,0,0,0,65.127469,305220,299760,78887,164081,102,200,9543,0,0,0,0,0,0,0,0,0,0,0,0,0,0,0,0,0,0,0,0,0,0,0,0,0,0,0,0,125.5262075,81.2718963,1.5445217
337,0,3.00013,60,12950233,360262,0,71699,27450351,0,0,0,65.114649,303420,298020,80784,158474,112,237,9833,0,0,0,0,0,0,0,0,0,0,0,0,0,0,0,0,0,0,0,0,0,0,0,0,0,0,0,0,125.5768652,82.50049135,1.522134755
338,2.99801,3.00013,60,13043532,361666,0,72818,28364961,0,0,0,65.16158,294720,289380,79954,150501,113,251,9870,0,0,0,0,0,0,0,0,0,0,0,0,0,0,0,0,0,0,0,0,0,0,0,0,0,0,0,0,123.2745287,81.78501893,1.507299629
339,6.001,3.00013,60,13006627,361970,0,72499,59949064,0,0,0,65.130903,284820,279720,79252,141502,124,243,10120,0,0,0,0,0,0,0,0,0,0,0,0,0,0,0,0,0,0,0,0,0,0,0,0,0,0,0,0,120.2321256,80.92202263,1.485777564
340,8.999,3.00013,60,12980727,361961,0,72089,27642422,0,0,0,65.231634,272580,268140,77811,131589,106,231,9936,0,0,0,0,0,0,0,0,0,0,0,0,0,0,0,0,0,0,0,0,0,0,0,0,0,0,0,0,126.8052299,79.88362421,1.587374524
341,12.002,3.00013,60,12962630,361124,0,71859,28036313,0,0,0,65.062201,261240,256860,75628,122566,98,253,9818,0,0,0,0,0,0,0,0,0,0,0,0,0,0,0,0,0,0,0,0,0,0,0,0,0,0,0,0,114.0723392,78.32350874,1.456425294
342,15,3.00013,60,13032847,362765,0,72769,59949177,0,0,0,65.082081,251160,247140,74190,114457,99,253,9701,0,0,0,0,0,0,0,0,0,0,0,0,0,0,0,0,0,0,0,0,0,0,0,0,0,0,0,0,111.6779402,77.30586434,1.444624429
343,17.998,3.00013,60,13041184,355920,0,72845,59948976,0,0,0,65.058987,238140,234360,71760,105083,107,261,9528,0,0,0,0,0,0,0,0,0,0,0,0,0,0,0,0,0,0,0,0,0,0,0,0,0,0,0,0,108.1415174,75.23768025,1.437331893
344,21.001,3.00013,60,13006386,360536,0,72347,28327439,0,0,0,65.237631,232920,229200,71459,100003,100,269,9563,0,0,0,0,0,0,0,0,0,0,0,0,0,0,0,0,0,0,0,0,0,0,0,0,0,0,0,0,108.8564196,75.50915737,1.441632028
345,23.999,3.00013,60,12987571,359489,0,72225,59949082,0,0,0,65.034818,222720,219300,69342,92087,121,274,9277,0,0,0,0,0,0,0,0,0,0,0,0,0,0,0,0,0,0,0,0,0,0,0,0,0,0,0,0,106.5624205,74.07864904,1.438503831
346,27.002,3.00013,60,13016736,360840,0,72498,28276928,0,0,0,65.19773,209400,206220,65743,83810,129,306,9034,0,0,0,0,0,0,0,0,0,0,0,0,0,0,0,0,0,0,0,0,0,0,0,0,0,0,0,0,103.3245062,72.5975551,1.423250494
347,30,3.00013,60,13082398,361427,0,73303,28129773,0,0,0,65.180045,200820,197880,63637,77324,133,267,8710,0,0,0,0,0,0,0,0,0,0,0,0,0,0,0,0,0,0,0,0,0,0,0,0,0,0,0,0,102.3175887,71.63488582,1.428320678
348,32.998,3.00013,60,13028306,359185,0,72712,59937380,0,0,0,65.298656,48240,47640,62,82,88,168,74,0,0,0,0,0,0,0,0,0,0,0,0,0,0,0,0,0,0,0,0,0,0,0,0,0,0,0,0,60.92524683,43.6213348,1.396684607
351,-32.998,6.00029,60,12997265,357925,0,72280,27747166,0,0,0,65.112141,450660,439980,88682,289713,110,168,8754,0,0,0,0,0,0,0,0,0,0,0,0,0,0,0,0,0,0,0,0,0,0,0,0,0,0,0,0,404.9939524,97.62716628,4.14837353
352,-30,6.00029,60,12980915,349186,0,72072,28166531,0,0,0,65.011445,428220,418560,86796,271717,89,185,8784,0,0,0,0,0,0,0,0,0,0,0,0,0,0,0,0,0,0,0,0,0,0,0,0,0,0,0,0,366.7781212,94.39144188,3.885713725
353,-27.002,6.00029,60,13074190,354378,0,73210,28097746,0,0,0,65.118888,418860,409440,87777,262840,95,168,8904,0,0,0,0,0,0,0,0,0,0,0,0,0,0,0,0,0,0,0,0,0,0,0,0,0,0,0,0,338.2568203,94.02499679,3.597520147
354,-23.999,6.00029,60,13053598,353924,0,72965,28106012,0,0,0,65.201261,405180,396420,87674,250286,86,167,8962,0,0,0,0,0,0,0,0,0,0,0,0,0,0,0,0,0,0,0,0,0,0,0,0,0,0,0,0,299.1944631,92.32411093,3.240696933
355,-21.001,6.00029,60,13038985,341773,0,72778,59949068,0,0,0,65.115424,377400,369420,84713,228307,77,178,9230,0,0,0,0,0,0,0,0,0,0,0,0,0,0,0,0,0,0,0,0,0,0,0,0,0,0,0,0,221.5709277,87.85217628,2.522088093
356,-17.998,6.00029,60,12998241,352413,0,72233,28073728,0,0,0,65.30078,373980,366180,87158,223244,91,164,9531,0,0,0,0,0,0,0,0,0,0,0,0,0,0,0,0,0,0,0,0,0,0,0,0,0,0,0,0,164.4366255,89.04688149,1.846629806
357,-15,6.00029,60,13037646,356441,0,72828,59949014,0,0,0,65.086048,367320,359700,87953,213318,97,188,9727,0,0,0,0,0,0,0,0,0,0,0,0,0,0,0,0,0,0,0,0,0,0,0,0,0,0,0,0,147.3917946,88.65696157,1.662495443
358,-12.002,6.00029,60,13083304,355215,0,73335,28166454,0,0,0,65.099283,353580,346560,86739,201764,102,207,9982,0,0,0,0,0,0,0,0,0,0,0,0,0,0,0,0,0,0,0,0,0,0,0,0,0,0,0,0,141.1691277,86.83663227,1.625686349
359,-8.999,6.00029,60,13062561,356004,0,73094,59949034,0,0,0,65.15216,343020,336240,86637,190902,91,222,10218,0,0,0,0,0,0,0,0,0,0,0,0,0,0,0,0,0,0,0,0,0,0,0,0,0,0,0,0,138.0918603,86.03930532,1.604985765
360,-6.001,6.00029,60,13024737,355121,0,72587,28034644,0,0,0,65.098232,333120,326760,86751,181178,93,211,10294,0,0,0,0,0,0,0,0,0,0,0,0,0,0,0,0,0,0,0,0,0,0,0,0,0,0,0,0,134.4618004,85.09145429,1.580203341
361,-2.99801,6.00029,60,12997692,354877,0,72287,28243562,0,0,0,65.218952,319980,313860,86187,170601,90,224,10199,0,0,0,0,0,0,0,0,0,0,0,0,0,0,0,0,0,0,0,0,0,0,0,0,0,0,0,0,130.7601259,83.65797261,1.56303245
362,0,6.00029,60,13092308,355780,0,73373,28853648,0,0,0,65.076307,308280,302580,84937,159761,102,206,10538,0,0,0,0,0,0,0,0,0,0,0,0,0,0,0,0,0,0,0,0,0,0,0,0,0,0,0,0,127.1289791,82.43123059,1.542242888
363,2.99801,6.00029,60,13045740,353451,0,72804,27837798,0,0,0,65.139633,297300,291900,84135,149810,111,258,10386,0,0,0,0,0,0,0,0,0,0,0,0,0,0,0,0,0,0,0,0,0,0,0,0,0,0,0,0,122.807136,81.11333665,1.514019038
364,6.001,6.00029,60,13017430,342673,0,72557,59949154,0,0,0,65.193904,276840,272220,79551,136578,116,211,10080,0,0,0,0,0,0,0,0,0,0,0,0,0,0,0,0,0,0,0,0,0,0,0,0,0,0,0,0,116.080765,77.61926385,1.495514892
365,8.999,6.00029,60,12991736,350123,0,72281,59949237,0,0,0,65.243943,270840,266280,79915,129796,123,236,10342,0,0,0,0,0,0,0,0,0,0,0,0,0,0,0,0,0,0,0,0,0,0,0,0,0,0,0,0,115.1063566,78.0075768,1.475579185
366,12.002,6.00029,60,13053553,353308,0,72959,59949220,0,0,0,65.230948,261420,257100,78881,121514,110,213,10405,0,0,0,0,0,0,0,0,0,0,0,0,0,0,0,0,0,0,0,0,0,0,0,0,0,0,0,0,112.8722516,77.2472213,1.46118203
367,15,6.00029,60,13063700,354052,0,73064,59949207,0,0,0,65.120824,252360,248160,77466,113411,106,239,10359,0,0,0,0,0,0,0,0,0,0,0,0,0,0,0,0,0,0,0,0,0,0,0,0,0,0,0,0,129.2874178,76.39541791,1.692345186
368,17.998,6.00029,60,13019115,352797,0,72563,59948945,0,0,0,65.129685,243480,239460,75937,106407,98,230,10226,0,0,0,0,0,0,0,0,0,0,0,0,0,0,0,0,0,0,0,0,0,0,0,0,0,0,0,0,108.2977567,75.43109637,1.435717654
369,21.001,6.00029,60,12985736,352060,0,72101,28360227,0,0,0,65.099436,235800,232200,75235,99825,98,237,10025,0,0,0,0,0,0,0,0,0,0,0,0,0,0,0,0,0,0,0,0,0,0,0,0,0,0,0,0,106.8078584,74.48194908,1.434009982
370,23.999,6.00029,60,12962680,350575,0,71828,28037081,0,0,0,65.031427,227040,223560,73653,93031,110,296,10090,0,0,0,0,0,0,0,0,0,0,0,0,0,0,0,0,0,0,0,0,0,0,0,0,0,0,0,0,143.0106875,73.88559233,1.935569344
371,27.002,6.00029,60,13057065,351613,0,73028,59948985,0,0,0,65.07982,218340,215040,71592,87024,101,263,9992,0,0,0,0,0,0,0,0,0,0,0,0,0,0,0,0,0,0,0,0,0,0,0,0,0,0,0,0,103.63582,72.67490983,1.426019245
372,30,6.00029,60,13029050,349834,0,72737,59948969,0,0,0,65.083344,210120,207000,69561,81231,119,254,9694,0,0,0,0,0,0,0,0,0,0,0,0,0,0,0,0,0,0,0,0,0,0,0,0,0,0,0,0,102.3914833,71.93671807,1.423354944
373,32.998,6.00029,60,12978232,342760,0,72119,59949013,0,0,0,65.114963,46320,45720,47,63,65,191,81,0,0,0,0,0,0,0,0,0,0,0,0,0,0,0,0,0,0,0,0,0,0,0,0,0,0,0,0,64.97344689,42.10124972,1.543266466
376,-32.998,8.99981,60,12929447,343718,0,71473,28032861,0,0,0,64.990134,440580,430260,88611,281113,88,160,8920,0,0,0,0,0,0,0,0,0,0,0,0,0,0,0,0,0,0,0,0,0,0,0,0,0,0,0,0,398.658648,94.81010088,4.20481198
377,-30,8.99981,60,13028719,347249,0,72668,28116462,0,0,0,65.100929,432900,422940,90009,272677,98,151,9190,0,0,0,0,0,0,0,0,0,0,0,0,0,0,0,0,0,0,0,0,0,0,0,0,0,0,0,0,380.8626529,94.53370707,4.028855576
378,-27.002,8.99981,60,13028044,346689,0,72624,28165546,0,0,0,65.1631,417660,408300,89423,259743,92,144,9460,0,0,0,0,0,0,0,0,0,0,0,0,0,0,0,0,0,0,0,0,0,0,0,0,0,0,0,0,350.3167585,92.89672023,3.771034732
379,-23.999,8.99981,60,13020880,344243,0,72661,59948964,0,0,0,65.079348,401340,392580,89511,244333,102,162,9543,0,0,0,0,0,0,0,0,0,0,0,0,0,0,0,0,0,0,0,0,0,0,0,0,0,0,0,0,314.9461094,91.0310555,3.459765545
380,-21.001,8.99981,60,12993279,341752,0,72336,59948947,0,0,0,65.063309,386220,377940,88880,231342,107,172,9731,0,0,0,0,0,0,0,0,0,0,0,0,0,0,0,0,0,0,0,0,0,0,0,0,0,0,0,0,266.3822138,88.66041131,3.004522649
381,-17.998,8.99981,60,13023234,344990,0,72675,59948794,0,0,0,65.203822,374940,367320,88908,221262,87,154,10356,0,0,0,0,0,0,0,0,0,0,0,0,0,0,0,0,0,0,0,0,0,0,0,0,0,0,0,0,190.0032459,87.99472967,2.159257112
382,-15,8.99981,60,13073808,346478,0,73284,59948915,0,0,0,65.253419,362820,355620,89178,209626,91,203,10282,0,0,0,0,0,0,0,0,0,0,0,0,0,0,0,0,0,0,0,0,0,0,0,0,0,0,0,0,149.5627536,86.75406188,1.723985602
383,-12.002,8.99981,60,13049357,345436,0,73018,59948723,0,0,0,65.012207,349920,343080,88576,197006,86,171,10391,0,0,0,0,0,0,0,0,0,0,0,0,0,0,0,0,0,0,0,0,0,0,0,0,0,0,0,0,139.9849164,85.29017055,1.641278421
384,-8.999,8.99981,60,13025334,346264,0,72743,59948823,0,0,0,65.016586,342120,335520,89248,188304,109,186,10543,0,0,0,0,0,0,0,0,0,0,0,0,0,0,0,0,0,0,0,0,0,0,0,0,0,0,0,0,136.8836478,84.74144393,1.615309363
385,-6.001,8.99981,60,12979771,338949,0,72164,59948776,0,0,0,64.952026,328680,322380,88824,176594,90,196,10573,0,0,0,0,0,0,0,0,0,0,0,0,0,0,0,0,0,0,0,0,0,0,0,0,0,0,0,0,131.6922239,82.69431399,1.592518488
386,-2.99801,8.99981,60,13097618,349531,0,73442,28396903,0,0,0,65.068932,328260,322020,91199,172321,85,208,11255,0,0,0,0,0,0,0,0,0,0,0,0,0,0,0,0,0,0,0,0,0,0,0,0,0,0,0,0,131.9324527,83.93315631,1.571875269
387,0,8.99981,60,13056704,350508,0,73030,59949056,0,0,0,65.033212,317040,311220,90353,161922,83,200,11418,0,0,0,0,0,0,0,0,0,0,0,0,0,0,0,0,0,0,0,0,0,0,0,0,0,0,0,0,128.7865353,82.88959842,1.553711657
388,2.99801,8.99981,60,13017329,350046,0,72604,59948844,0,0,0,65.055279,304080,298500,88880,150789,105,200,11001,0,0,0,0,0,0,0,0,0,0,0,0,0,0,0,0,0,0,0,0,0,0,0,0,0,0,0,0,124.4403394,81.48392761,1.5271765
389,6.001,8.99981,60,12982647,347584,0,72251,59948642,0,0,0,65.169503,289800,284640,86493,140435,119,202,10961,0,0,0,0,0,0,0,0,0,0,0,0,0,0,0,0,0,0,0,0,0,0,0,0,0,0,0,0,119.958121,79.61191162,1.506786089
390,8.999,8.99981,60,13043047,347923,0,72812,28087676,0,0,0,65.222151,276540,271680,84571,130500,95,230,11041,0,0,0,0,0,0,0,0,0,0,0,0,0,0,0,0,0,0,0,0,0,0,0,0,0,0,0,0,116.3178753,78.27624962,1.485991931
391,12.002,8.99981,60,13079604,346637,0,73352,59949035,0,0,0,65.147936,264180,259740,82130,120697,108,226,10661,0,0,0,0,0,0,0,0,0,0,0,0,0,0,0,0,0,0,0,0,0,0,0,0,0,0,0,0,112.5691482,76.65692085,1.46847991
392,15,8.99981,60,13051566,346788,0,72899,28407222,0,0,0,65.233982,254760,250620,81217,113091,100,228,10709,0,0,0,0,0,0,0,0,0,0,0,0,0,0,0,0,0,0,0,0,0,0,0,0,0,0,0,0,110.1953991,75.83927071,1.453012378
393,17.998,8.99981,60,13016679,345465,0,72504,28208569,0,0,0,65.110785,246240,242220,79689,105601,106,217,10486,0,0,0,0,0,0,0,0,0,0,0,0,0,0,0,0,0,0,0,0,0,0,0,0,0,0,0,0,107.8595513,74.75717092,1.442798731
394,21.001,8.99981,60,12999657,336651,0,72322,28288631,0,0,0,64.970264,232800,229140,76401,96695,96,258,10502,0,0,0,0,0,0,0,0,0,0,0,0,0,0,0,0,0,0,0,0,0,0,0,0,0,0,0,0,103.5304116,72.29325607,1.432089481
395,23.999,8.99981,60,13105791,345283,0,73647,59949037,0,0,0,65.107205,232620,228960,78505,94221,122,282,10693,0,0,0,0,0,0,0,0,0,0,0,0,0,0,0,0,0,0,0,0,0,0,0,0,0,0,0,0,105.248209,73.63763257,1.429272036
396,27.002,8.99981,60,13061942,346999,0,73102,59948735,0,0,0,65.042583,233460,229860,79566,92435,103,284,11095,0,0,0,0,0,0,0,0,0,0,0,0,0,0,0,0,0,0,0,0,0,0,0,0,0,0,0,0,106.8953734,74.44236788,1.435948055
397,30,8.99981,60,13024580,347586,0,72644,28116280,0,0,0,65.089748,231600,228000,80795,88917,124,224,11096,0,0,0,0,0,0,0,0,0,0,0,0,0,0,0,0,0,0,0,0,0,0,0,0,0,0,0,0,107.7048074,74.93377383,1.437333287
398,32.998,8.99981,60,12992095,346084,0,72321,59948834,0,0,0,65.083032,47460,46860,39,75,85,177,94,0,0,0,0,0,0,0,0,0,0,0,0,0,0,0,0,0,0,0,0,0,0,0,0,0,0,0,0,58.83028721,42.47075785,1.385195136
401,-32.998,12,60,13085389,345279,0,73313,27868745,0,0,0,65.044749,445500,435060,92114,282380,93,149,9318,0,0,0,0,0,0,0,0,0,0,0,0,0,0,0,0,0,0,0,0,0,0,0,0,0,0,0,0,407.8138348,95.29238642,4.279605644
402,-30,12,60,13066448,344361,0,73127,28262288,0,0,0,65.146729,433560,423540,92554,271421,105,147,9611,0,0,0,0,0,0,0,0,0,0,0,0,0,0,0,0,0,0,0,0,0,0,0,0,0,0,0,0,387.3780406,94.17664186,4.113313375
403,-27.002,12,60,13048380,342899,0,72860,28265792,0,0,0,65.261987,417900,408660,92708,257607,76,141,9967,0,0,0,0,0,0,0,0,0,0,0,0,0,0,0,0,0,0,0,0,0,0,0,0,0,0,0,0,362.256014,92.60184959,3.911973849
404,-23.999,12,60,13034246,331844,0,72768,59935631,0,0,0,65.052399,395220,386700,90311,238339,78,178,9686,0,0,0,0,0,0,0,0,0,0,0,0,0,0,0,0,0,0,0,0,0,0,0,0,0,0,0,0,321.1571025,88.57374785,3.625872342
405,-21.001,12,60,13042912,340010,0,72807,28523554,0,0,0,65.103445,390960,382620,92519,231658,87,166,10172,0,0,0,0,0,0,0,0,0,0,0,0,0,0,0,0,0,0,0,0,0,0,0,0,0,0,0,0,295.0489182,89.15137724,3.309527315
406,-17.998,12,60,13097677,338048,0,73488,28075141,0,0,0,65.040103,373920,366420,91724,217858,94,169,10478,0,0,0,0,0,0,0,0,0,0,0,0,0,0,0,0,0,0,0,0,0,0,0,0,0,0,0,0,229.2700917,86.86952291,2.639246585
407,-15,12,60,13086791,339998,0,73344,27846954,0,0,0,65.083493,362640,355200,92130,206122,86,172,10771,0,0,0,0,0,0,0,0,0,0,0,0,0,0,0,0,0,0,0,0,0,0,0,0,0,0,0,0,162.5327292,85.8396635,1.893445554
408,-12.002,12,60,13056240,339357,0,72975,28274878,0,0,0,65.249244,349440,342600,91972,194999,86,147,10816,0,0,0,0,0,0,0,0,0,0,0,0,0,0,0,0,0,0,0,0,0,0,0,0,0,0,0,0,141.1801461,84.45892741,1.671583459
409,-8.999,12,60,13024124,340545,0,72645,59948682,0,0,0,65.076249,342540,335820,92441,185486,90,172,11136,0,0,0,0,0,0,0,0,0,0,0,0,0,0,0,0,0,0,0,0,0,0,0,0,0,0,0,0,136.1629297,84.02847188,1.62043801
410,-6.001,12,60,13133682,344575,0,73948,28133439,0,0,0,65.249214,337500,330960,93867,179468,98,182,11389,0,0,0,0,0,0,0,0,0,0,0,0,0,0,0,0,0,0,0,0,0,0,0,0,0,0,0,0,134.9156135,84.09479919,1.604327674
411,-2.99801,12,60,13107114,335934,0,73660,59948809,0,0,0,65.265675,319080,313200,92300,165583,87,165,11281,0,0,0,0,0,0,0,0,0,0,0,0,0,0,0,0,0,0,0,0,0,0,0,0,0,0,0,0,128.9380362,81.48157598,1.582419519
412,0,12,60,13080810,343146,0,73318,59948623,0,0,0,65.091968,317040,311280,93269,160118,93,176,11870,0,0,0,0,0,0,0,0,0,0,0,0,0,0,0,0,0,0,0,0,0,0,0,0,0,0,0,0,127.9140668,81.92491594,1.561357315
413,2.99801,12,60,13054781,342426,0,73017,59948490,0,0,0,65.237852,302460,297060,91629,148571,93,193,11565,0,0,0,0,0,0,0,0,0,0,0,0,0,0,0,0,0,0,0,0,0,0,0,0,0,0,0,0,123.2246853,80.18062557,1.536838662
414,6.001,12,60,13078836,345105,0,73227,28117315,0,0,0,65.259634,291660,286440,89618,139473,102,225,11758,0,0,0,0,0,0,0,0,0,0,0,0,0,0,0,0,0,0,0,0,0,0,0,0,0,0,0,0,119.8349754,79.27953848,1.511549861
415,8.999,12,60,13136011,345754,0,73955,59793707,0,0,0,65.347887,279360,274320,88324,129861,89,225,11357,0,0,0,0,0,0,0,0,0,0,0,0,0,0,0,0,0,0,0,0,0,0,0,0,0,0,0,0,116.2460438,77.98721327,1.490578248
416,12.002,12,60,13092591,345707,0,73336,28000184,0,0,0,65.074018,269820,265260,86587,120768,100,228,11495,0,0,0,0,0,0,0,0,0,0,0,0,0,0,0,0,0,0,0,0,0,0,0,0,0,0,0,0,113.6240539,76.97188552,1.47617605
417,15,12,60,13057293,343720,0,72997,59949011,0,0,0,65.058434,259740,255300,85290,112545,91,222,11450,0,0,0,0,0,0,0,0,0,0,0,0,0,0,0,0,0,0,0,0,0,0,0,0,0,0,0,0,110.6067694,75.81210024,1.458959309
418,17.998,12,60,13011414,340701,0,72518,59948785,0,0,0,65.202959,248640,244560,83483,105021,89,229,11380,0,0,0,0,0,0,0,0,0,0,0,0,0,0,0,0,0,0,0,0,0,0,0,0,0,0,0,0,107.4052857,74.41244195,1.443378055
419,21.001,12,60,13131691,344084,0,73840,28561804,0,0,0,65.090964,243000,239100,82888,99367,102,238,11300,0,0,0,0,0,0,0,0,0,0,0,0,0,0,0,0,0,0,0,0,0,0,0,0,0,0,0,0,106.3908916,74.09714113,1.435829911
420,23.999,12,60,13099589,346689,0,73448,28137129,0,0,0,65.057492,240960,237120,83576,95425,104,246,11652,0,0,0,0,0,0,0,0,0,0,0,0,0,0,0,0,0,0,0,0,0,0,0,0,0,0,0,0,133.9073492,74.47802563,1.797944402
421,27.002,12,60,13063826,347035,0,73144,59946047,0,0,0,65.130706,239460,235620,84919,92752,109,239,11507,0,0,0,0,0,0,0,0,0,0,0,0,0,0,0,0,0,0,0,0,0,0,0,0,0,0,0,0,107.1398376,74.80166288,1.432318929
422,30,12,60,13016733,346660,0,72598,59948870,0,0,0,65.091961,234780,231180,84142,88399,125,283,11624,0,0,0,0,0,0,0,0,0,0,0,0,0,0,0,0,0,0,0,0,0,0,0,0,0,0,0,0,106.9901561,74.85886089,1.429225009
423,32.998,12,60,13055946,346349,0,72938,28192924,0,0,0,65.013081,48000,47400,61,54,70,166,78,0,0,0,0,0,0,0,0,0,0,0,0,0,0,0,0,0,0,0,0,0,0,0,0,0,0,0,0,59.15316901,42.49592139,1.391972855
427,-30,15.0001,60,13101976,346408,0,73480,28151961,0,0,0,65.028693,442920,432540,97635,273693,88,138,10048,0,0,0,0,0,0,0,0,0,0,0,0,0,0,0,0,0,0,0,0,0,0,0,0,0,0,0,0,402.0576226,95.2152452,4.22261815
428,-27.002,15.0001,60,13065076,339832,0,73034,28297518,0,0,0,65.204922,421440,412080,96296,256286,76,156,10319,0,0,0,0,0,0,0,0,0,0,0,0,0,0,0,0,0,0,0,0,0,0,0,0,0,0,0,0,372.8130628,92.71109419,4.021234632
429,-23.999,15.0001,60,13038569,344355,0,72784,59949014,0,0,0,64.997922,416040,406800,97202,248341,97,141,10770,0,0,0,0,0,0,0,0,0,0,0,0,0,0,0,0,0,0,0,0,0,0,0,0,0,0,0,0,351.9384491,92.2872406,3.813511454
430,-21.001,15.0001,60,13049630,348234,0,72856,28309554,0,0,0,65.07556,408000,398880,99067,239048,91,147,10979,0,0,0,0,0,0,0,0,0,0,0,0,0,0,0,0,0,0,0,0,0,0,0,0,0,0,0,0,325.3531783,91.86204405,3.541758533
431,-17.998,15.0001,60,13138595,351262,0,73907,28635213,0,0,0,65.190984,396780,388200,99739,228251,96,153,11607,0,0,0,0,0,0,0,0,0,0,0,0,0,0,0,0,0,0,0,0,0,0,0,0,0,0,0,0,282.9876361,90.93084264,3.112119363
432,-15,15.0001,60,13107740,351136,0,73550,28095457,0,0,0,65.023066,383160,375240,100202,215462,86,161,11828,0,0,0,0,0,0,0,0,0,0,0,0,0,0,0,0,0,0,0,0,0,0,0,0,0,0,0,0,200.8197698,89.51908338,2.243317986
433,-12.002,15.0001,60,13079776,352788,0,73228,28334948,0,0,0,65.200233,372180,364440,100587,205094,86,168,11891,0,0,0,0,0,0,0,0,0,0,0,0,0,0,0,0,0,0,0,0,0,0,0,0,0,0,0,0,155.4380579,88.55237441,1.755323433
434,-8.999,15.0001,60,13032859,353764,0,72632,28317957,0,0,0,65.089721,362880,355500,101426,194934,95,160,12222,0,0,0,0,0,0,0,0,0,0,0,0,0,0,0,0,0,0,0,0,0,0,0,0,0,0,0,0,144.6811575,87.71878075,1.649374925
435,-6.001,15.0001,60,13114255,346435,0,73629,28074676,0,0,0,65.165552,343440,336780,99116,179307,98,177,12363,0,0,0,0,0,0,0,0,0,0,0,0,0,0,0,0,0,0,0,0,0,0,0,0,0,0,0,0,136.5871722,84.86935307,1.609381564
436,-2.99801,15.0001,60,13110206,352867,0,73665,59949083,0,0,0,65.047529,339960,333360,100860,171937,102,184,12575,0,0,0,0,0,0,0,0,0,0,0,0,0,0,0,0,0,0,0,0,0,0,0,0,0,0,0,0,135.9316483,85.34188388,1.592789404
437,0,15.0001,60,13077070,353599,0,73274,59948837,0,0,0,65.150149,330000,323820,100201,163378,96,172,12740,0,0,0,0,0,0,0,0,0,0,0,0,0,0,0,0,0,0,0,0,0,0,0,0,0,0,0,0,181.5986577,84.67096558,2.144757137
438,2.99801,15.0001,60,13046915,352279,0,72903,59948564,0,0,0,65.105938,317460,311580,98934,152877,107,205,12762,0,0,0,0,0,0,0,0,0,0,0,0,0,0,0,0,0,0,0,0,0,0,0,0,0,0,0,0,128.2970717,82.87561148,1.548067874
439,6.001,15.0001,60,13063806,354457,0,73102,59948694,0,0,0,65.038266,308040,302340,98496,143403,110,217,12610,0,0,0,0,0,0,0,0,0,0,0,0,0,0,0,0,0,0,0,0,0,0,0,0,0,0,0,0,124.8934045,81.95067052,1.524007109
440,8.999,15.0001,60,13114646,357012,0,73610,28230902,0,0,0,65.325022,295140,289740,96360,134602,106,226,12754,0,0,0,0,0,0,0,0,0,0,0,0,0,0,0,0,0,0,0,0,0,0,0,0,0,0,0,0,134.5678816,81.19459948,1.657350149
441,12.002,15.0001,60,13077166,352323,0,73165,27764335,0,0,0,65.40879,281880,276900,94417,124497,112,231,12511,0,0,0,0,0,0,0,0,0,0,0,0,0,0,0,0,0,0,0,0,0,0,0,0,0,0,0,0,117.2227242,79.08578965,1.48222234
442,15,15.0001,60,13029300,347963,0,72700,59948791,0,0,0,65.118378,270180,265680,92015,115192,92,253,12326,0,0,0,0,0,0,0,0,0,0,0,0,0,0,0,0,0,0,0,0,0,0,0,0,0,0,0,0,113.5259392,77.28411786,1.46894268
443,17.998,15.0001,60,13013041,357981,0,72421,28147131,0,0,0,65.119587,270480,265860,93942,112014,109,276,12691,0,0,0,0,0,0,0,0,0,0,0,0,0,0,0,0,0,0,0,0,0,0,0,0,0,0,0,0,114.3417947,78.57209089,1.455246939
444,21.001,15.0001,60,13120850,359983,0,73705,28764464,0,0,0,65.114305,263520,259080,93132,105594,113,255,12745,0,0,0,0,0,0,0,0,0,0,0,0,0,0,0,0,0,0,0,0,0,0,0,0,0,0,0,0,112.8288338,78.19856792,1.442850385
445,23.999,15.0001,60,13105537,360318,0,73571,59948627,0,0,0,65.096295,255960,251700,91772,99972,98,240,12770,0,0,0,0,0,0,0,0,0,0,0,0,0,0,0,0,0,0,0,0,0,0,0,0,0,0,0,0,118.4743775,77.60551281,1.526623215
446,27.002,15.0001,60,13101507,360373,0,73431,28279390,0,0,0,65.148482,247380,243480,90412,93207,94,264,12639,0,0,0,0,0,0,0,0,0,0,0,0,0,0,0,0,0,0,0,0,0,0,0,0,0,0,0,0,109.0814196,76.72416183,1.421734914
447,30,15.0001,60,13081511,359742,0,73305,59948860,0,0,0,65.062665,239400,235680,88785,86378,115,276,12323,0,0,0,0,0,0,0,0,0,0,0,0,0,0,0,0,0,0,0,0,0,0,0,0,0,0,0,0,106.8397247,75.73367348,1.410729465
452,-30,18.0003,60,13132851,358336,0,73885,59948720,0,0,0,65.034223,463860,452820,104662,283017,104,153,11250,0,0,0,0,0,0,0,0,0,0,0,0,0,0,0,0,0,0,0,0,0,0,0,0,0,0,0,0,427.3924782,98.81377333,4.325231835
453,-27.002,18.0003,60,13136102,349681,0,73941,59948712,0,0,0,65.228528,441120,430800,103439,266321,111,149,11259,0,0,0,0,0,0,0,0,0,0,0,0,0,0,0,0,0,0,0,0,0,0,0,0,0,0,0,0,397.357824,95.55711188,4.158328106
454,-23.999,18.0003,60,13099401,353128,0,73491,59948647,0,0,0,65.525787,432120,422220,105598,256721,78,145,11490,0,0,0,0,0,0,0,0,0,0,0,0,0,0,0,0,0,0,0,0,0,0,0,0,0,0,0,0,377.7421046,95.54241305,3.953658825
455,-21.001,18.0003,60,13047528,354384,0,72811,28363767,0,0,0,65.075083,425100,415500,106498,245708,95,139,12135,0,0,0,0,0,0,0,0,0,0,0,0,0,0,0,0,0,0,0,0,0,0,0,0,0,0,0,0,351.7196613,94.69201098,3.714354122
456,-17.998,18.0003,60,13036948,355462,0,72668,27993983,0,0,0,65.201291,412320,403080,107396,234118,97,155,12673,0,0,0,0,0,0,0,0,0,0,0,0,0,0,0,0,0,0,0,0,0,0,0,0,0,0,0,0,319.1123505,93.4260578,3.415667513
457,-15,18.0003,60,13127023,357755,0,73737,27861711,0,0,0,64.937543,401700,393060,108251,221798,96,180,13019,0,0,0,0,0,0,0,0,0,0,0,0,0,0,0,0,0,0,0,0,0,0,0,0,0,0,0,0,257.5979186,92.11499522,2.796481919
458,-12.002,18.0003,60,13075179,356660,0,73138,28665894,0,0,0,65.128808,386640,378240,107748,209480,85,156,13029,0,0,0,0,0,0,0,0,0,0,0,0,0,0,0,0,0,0,0,0,0,0,0,0,0,0,0,0,178.7986205,90.65644902,1.972265872
459,-8.999,18.0003,60,13045450,357772,0,72744,28320152,0,0,0,64.848021,375900,368100,107999,197401,95,202,13230,0,0,0,0,0,0,0,0,0,0,0,0,0,0,0,0,0,0,0,0,0,0,0,0,0,0,0,0,151.1927727,89.34150238,1.692301659
460,-6.001,18.0003,60,13006157,348101,0,72296,28585100,0,0,0,64.951246,352200,345180,104943,180048,106,204,12941,0,0,0,0,0,0,0,0,0,0,0,0,0,0,0,0,0,0,0,0,0,0,0,0,0,0,0,0,139.8710773,85.83692503,1.629497763
461,-2.99801,18.0003,60,13092247,355506,0,73295,28112134,0,0,0,64.992077,347880,340860,106282,172770,93,220,13600,0,0,0,0,0,0,0,0,0,0,0,0,0,0,0,0,0,0,0,0,0,0,0,0,0,0,0,0,138.1786928,86.45875862,1.598203525
462,0,18.0003,60,13095031,358776,0,73383,59948957,0,0,0,64.994917,339360,332640,106184,164210,124,179,13759,0,0,0,0,0,0,0,0,0,0,0,0,0,0,0,0,0,0,0,0,0,0,0,0,0,0,0,0,135.8915778,85.82500834,1.583356418
463,2.99801,18.0003,60,13063975,358467,0,72941,28555029,0,0,0,65.031532,330240,324000,106522,155776,94,209,13641,0,0,0,0,0,0,0,0,0,0,0,0,0,0,0,0,0,0,0,0,0,0,0,0,0,0,0,0,132.4312278,84.8555211,1.560667191
464,6.001,18.0003,60,13026898,356952,0,72490,28133641,0,0,0,64.86938,320280,314280,105202,146500,113,226,13652,0,0,0,0,0,0,0,0,0,0,0,0,0,0,0,0,0,0,0,0,0,0,0,0,0,0,0,0,128.5966226,83.57406477,1.538714468
465,8.999,18.0003,60,13039756,357156,0,72659,28499804,0,0,0,65.087694,308520,302820,104174,137251,115,211,13865,0,0,0,0,0,0,0,0,0,0,0,0,0,0,0,0,0,0,0,0,0,0,0,0,0,0,0,0,124.7788725,82.38140494,1.514648513
466,12.002,18.0003,60,13113089,357031,0,73541,28403260,0,0,0,64.874173,299280,293820,102909,128936,107,211,13889,0,0,0,0,0,0,0,0,0,0,0,0,0,0,0,0,0,0,0,0,0,0,0,0,0,0,0,0,130.6963333,81.23822625,1.608803384
467,15,18.0003,60,13078599,353859,0,73115,28380067,0,0,0,65.008001,285240,280320,100262,119002,108,203,13619,0,0,0,0,0,0,0,0,0,0,0,0,0,0,0,0,0,0,0,0,0,0,0,0,0,0,0,0,117.924783,79.45847527,1.484105788
468,17.998,18.0003,60,13039520,342401,0,72620,28509310,0,0,0,65.623906,264300,259920,96098,108076,95,243,13256,0,0,0,0,0,0,0,0,0,0,0,0,0,0,0,0,0,0,0,0,0,0,0,0,0,0,0,0,111.5419868,76.31446671,1.461609989
469,21.001,18.0003,60,13020594,352427,0,72470,28119900,0,0,0,64.973208,268800,264240,98339,105236,108,209,13489,0,0,0,0,0,0,0,0,0,0,0,0,0,0,0,0,0,0,0,0,0,0,0,0,0,0,0,0,113.2715013,77.99669259,1.452260315
470,23.999,18.0003,60,13117879,354988,0,73632,28483327,0,0,0,65.090757,261180,256860,97192,99237,100,246,13307,0,0,0,0,0,0,0,0,0,0,0,0,0,0,0,0,0,0,0,0,0,0,0,0,0,0,0,0,111.2444964,77.36412886,1.437933808
471,27.002,18.0003,60,13115885,352395,0,73589,28641219,0,0,0,64.738259,249720,245760,94200,90944,116,234,13094,0,0,0,0,0,0,0,0,0,0,0,0,0,0,0,0,0,0,0,0,0,0,0,0,0,0,0,0,107.4736989,75.49382479,1.423609138
472,30,18.0003,60,13063659,339901,0,72961,28092383,0,0,0,64.939598,229440,225840,86916,81079,94,200,12280,0,0,0,0,0,0,0,0,0,0,0,0,0,0,0,0,0,0,0,0,0,0,0,0,0,0,0,0,101.0100209,72.06263035,1.401697668
478,-27.002,20.9998,60,13042404,349977,0,72692,28122811,0,0,0,64.982222,447540,437040,107804,265495,92,153,11892,0,0,0,0,0,0,0,0,0,0,0,0,0,0,0,0,0,0,0,0,0,0,0,0,0,0,0,0,412.7450638,96.13896736,4.293212993
479,-23.999,20.9998,60,13093968,351603,0,73332,28151244,0,0,0,65.031344,440580,430500,110334,256509,98,158,12415,0,0,0,0,0,0,0,0,0,0,0,0,0,0,0,0,0,0,0,0,0,0,0,0,0,0,0,0,394.8349228,96.00398267,4.112693159
480,-21.001,20.9998,60,13138078,351715,0,73789,28437560,0,0,0,64.995632,430500,420480,111722,245237,94,145,12970,0,0,0,0,0,0,0,0,0,0,0,0,0,0,0,0,0,0,0,0,0,0,0,0,0,0,0,0,366.6544819,94.66065401,3.873356737
481,-17.998,20.9998,60,13085199,350063,0,73172,28519633,0,0,0,64.990239,412680,403440,110647,230242,92,137,13176,0,0,0,0,0,0,0,0,0,0,0,0,0,0,0,0,0,0,0,0,0,0,0,0,0,0,0,0,333.9492004,92.85718672,3.596374305
482,-15,20.9998,60,13044489,348934,0,72705,28326764,0,0,0,64.950573,401880,393000,111736,219091,90,155,13443,0,0,0,0,0,0,0,0,0,0,0,0,0,0,0,0,0,0,0,0,0,0,0,0,0,0,0,0,294.7140169,91.52150995,3.220161218
483,-12.002,20.9998,60,12999020,347965,0,72185,28010535,0,0,0,64.975893,388320,380160,111886,207306,89,150,13390,0,0,0,0,0,0,0,0,0,0,0,0,0,0,0,0,0,0,0,0,0,0,0,0,0,0,0,0,213.4656149,90.00774521,2.371636067
484,-8.999,20.9998,60,13096194,344268,0,73310,28519325,0,0,0,64.966528,366600,359100,109106,190156,101,174,13618,0,0,0,0,0,0,0,0,0,0,0,0,0,0,0,0,0,0,0,0,0,0,0,0,0,0,0,0,156.1393021,86.9397416,1.795948542
485,-6.001,20.9998,60,13072508,346021,0,73031,28147838,0,0,0,65.046687,353940,346800,108455,178361,97,170,13542,0,0,0,0,0,0,0,0,0,0,0,0,0,0,0,0,0,0,0,0,0,0,0,0,0,0,0,0,141.1621585,85.76591134,1.645900525
486,-2.99801,20.9998,60,13040437,349489,0,72688,27994934,0,0,0,64.949011,346740,340080,109710,169526,76,175,14014,0,0,0,0,0,0,0,0,0,0,0,0,0,0,0,0,0,0,0,0,0,0,0,0,0,0,0,0,137.7614282,85.64507373,1.608515495
487,0,20.9998,60,13001973,346722,0,72319,55989065,0,0,0,65.031593,335880,329400,109177,159998,76,206,13964,0,0,0,0,0,0,0,0,0,0,0,0,0,0,0,0,0,0,0,0,0,0,0,0,0,0,0,0,133.3587444,84.04328423,1.586786447
488,2.99801,20.9998,60,13046918,348411,0,72734,28594605,0,0,0,65.046813,325740,319680,109441,149878,96,212,14136,0,0,0,0,0,0,0,0,0,0,0,0,0,0,0,0,0,0,0,0,0,0,0,0,0,0,0,0,130.3821171,83.16792791,1.567697073
489,6.001,20.9998,60,13079665,348574,0,73105,27956039,0,0,0,65.114247,315720,309780,107883,141823,102,184,14324,0,0,0,0,0,0,0,0,0,0,0,0,0,0,0,0,0,0,0,0,0,0,0,0,0,0,0,0,127.2772709,82.13344845,1.549639925
490,8.999,20.9998,60,13053637,346373,0,72871,59948670,0,0,0,64.972512,306840,301200,107563,132883,99,203,14647,0,0,0,0,0,0,0,0,0,0,0,0,0,0,0,0,0,0,0,0,0,0,0,0,0,0,0,0,123.4957195,80.91054147,1.526324225
491,12.002,20.9998,60,13027518,346544,0,72552,59948520,0,0,0,64.901749,297900,292620,106647,125514,96,206,14272,0,0,0,0,0,0,0,0,0,0,0,0,0,0,0,0,0,0,0,0,0,0,0,0,0,0,0,0,120.7278325,80.11664532,1.506900745
492,15,20.9998,60,13018475,337081,0,72473,59948623,0,0,0,64.94681,281580,276660,102820,115243,99,200,13854,0,0,0,0,0,0,0,0,0,0,0,0,0,0,0,0,0,0,0,0,0,0,0,0,0,0,0,0,115.245859,77.29096472,1.491065087
493,17.998,20.9998,60,13127144,345726,0,73798,59948612,0,0,0,65.786668,277860,273060,105088,111161,94,223,14436,0,0,0,0,0,0,0,0,0,0,0,0,0,0,0,0,0,0,0,0,0,0,0,0,0,0,0,0,115.6395445,78.49991768,1.473116761
494,21.001,20.9998,60,13105357,347966,0,73481,28425858,0,0,0,65.12545,272400,267720,103528,104242,97,183,14382,0,0,0,0,0,0,0,0,0,0,0,0,0,0,0,0,0,0,0,0,0,0,0,0,0,0,0,0,113.3258566,77.71222605,1.458275774
495,23.999,20.9998,60,13077770,347611,0,73091,28135536,0,0,0,65.002278,263520,259200,101417,97484,110,214,14025,0,0,0,0,0,0,0,0,0,0,0,0,0,0,0,0,0,0,0,0,0,0,0,0,0,0,0,0,110.4528068,76.55036214,1.442877653
496,27.002,20.9998,60,13036155,344913,0,72747,59948654,0,0,0,65.008158,249060,244980,96325,88984,108,237,13737,0,0,0,0,0,0,0,0,0,0,0,0,0,0,0,0,0,0,0,0,0,0,0,0,0,0,0,0,106.7246835,74.79528213,1.426890581
504,-23.999,23.9999,60,13104211,345503,0,73455,28169467,0,0,0,65.043916,423660,413940,109064,241977,70,148,12706,0,0,0,0,0,0,0,0,0,0,0,0,0,0,0,0,0,0,0,0,0,0,0,0,0,0,0,0,394.7562122,92.73416524,4.256858421
505,-21.001,23.9999,60,13081351,344271,0,73175,28130351,0,0,0,65.208037,412860,403740,110621,231518,91,168,13120,0,0,0,0,0,0,0,0,0,0,0,0,0,0,0,0,0,0,0,0,0,0,0,0,0,0,0,0,370.8470114,91.68858795,4.044636522
506,-17.998,23.9999,60,13071817,344531,0,73055,28122942,0,0,0,65.121247,405120,396180,112314,222207,102,145,13402,0,0,0,0,0,0,0,0,0,0,0,0,0,0,0,0,0,0,0,0,0,0,0,0,0,0,0,0,345.2440532,91.22039343,3.784724448
507,-15,23.9999,60,13042604,336042,0,72732,28534885,0,0,0,65.102248,389400,381000,112229,208122,104,165,13794,0,0,0,0,0,0,0,0,0,0,0,0,0,0,0,0,0,0,0,0,0,0,0,0,0,0,0,0,306.7141513,88.79984792,3.453994106
508,-12.002,23.9999,60,13054749,346188,0,72901,28260198,0,0,0,65.163221,391080,382440,117125,204477,91,150,14539,0,0,0,0,0,0,0,0,0,0,0,0,0,0,0,0,0,0,0,0,0,0,0,0,0,0,0,0,265.1646168,90.22004932,2.939087474
509,-8.999,23.9999,60,13110306,347571,0,73564,27757462,0,0,0,65.01666,379380,371280,116918,192622,95,175,14542,0,0,0,0,0,0,0,0,0,0,0,0,0,0,0,0,0,0,0,0,0,0,0,0,0,0,0,0,182.4632363,88.78385801,2.055139756
510,-6.001,23.9999,60,13075560,345910,0,73114,28349890,0,0,0,65.175785,359760,352380,114900,177907,102,167,14618,0,0,0,0,0,0,0,0,0,0,0,0,0,0,0,0,0,0,0,0,0,0,0,0,0,0,0,0,147.4335948,86.45942556,1.705234494
511,-2.99801,23.9999,60,13044881,346323,0,72751,28002493,0,0,0,64.920184,351000,343920,114810,167694,93,158,14661,0,0,0,0,0,0,0,0,0,0,0,0,0,0,0,0,0,0,0,0,0,0,0,0,0,0,0,0,139.2966988,85.85720801,1.622422881
512,0,23.9999,60,13023012,344853,0,72518,28715355,0,0,0,65.105578,340380,333780,115221,158445,98,192,15009,0,0,0,0,0,0,0,0,0,0,0,0,0,0,0,0,0,0,0,0,0,0,0,0,0,0,0,0,134.8812339,84.31994678,1.599636136
513,2.99801,23.9999,60,13130711,344390,0,73778,28319528,0,0,0,65.286046,327900,321840,114226,148503,100,186,14917,0,0,0,0,0,0,0,0,0,0,0,0,0,0,0,0,0,0,0,0,0,0,0,0,0,0,0,0,130.7250985,82.95514916,1.575852733
514,6.001,23.9999,60,13097058,345412,0,73456,59949020,0,0,0,65.069659,319680,313680,113664,140131,93,200,15221,0,0,0,0,0,0,0,0,0,0,0,0,0,0,0,0,0,0,0,0,0,0,0,0,0,0,0,0,127.7456176,82.26509001,1.552853314
515,8.999,23.9999,60,13069223,335757,0,73110,59948740,0,0,0,65.22984,302040,296520,109762,128731,90,180,14799,0,0,0,0,0,0,0,0,0,0,0,0,0,0,0,0,0,0,0,0,0,0,0,0,0,0,0,0,124.7537433,79.31321864,1.572924986
516,12.002,23.9999,60,13073739,344955,0,73109,28533959,0,0,0,64.968728,304980,299520,113643,124857,103,201,15431,0,0,0,0,0,0,0,0,0,0,0,0,0,0,0,0,0,0,0,0,0,0,0,0,0,0,0,0,122.0647236,80.54502761,1.515484285
517,15,23.9999,60,13119054,346404,0,73723,59948896,0,0,0,65.253234,296280,291000,112266,118716,114,197,15498,0,0,0,0,0,0,0,0,0,0,0,0,0,0,0,0,0,0,0,0,0,0,0,0,0,0,0,0,120.4668856,80.3590399,1.499108075
518,17.998,23.9999,60,13162216,347724,0,74145,28014174,0,0,0,65.053428,291240,286020,112564,111958,101,205,15867,0,0,0,0,0,0,0,0,0,0,0,0,0,0,0,0,0,0,0,0,0,0,0,0,0,0,0,0,118.6056126,79.70586692,1.488041184
519,21.001,23.9999,60,13120878,345568,0,73678,28380905,0,0,0,65.017685,278760,274140,109269,103977,113,207,15278,0,0,0,0,0,0,0,0,0,0,0,0,0,0,0,0,0,0,0,0,0,0,0,0,0,0,0,0,153.1453607,78.18362295,1.958790792
520,23.999,23.9999,60,13062857,343654,0,72935,28005037,0,0,0,65.125706,267180,262560,106667,96128,112,213,14860,0,0,0,0,0,0,0,0,0,0,0,0,0,0,0,0,0,0,0,0,0,0,0,0,0,0,0,0,111.1820671,76.60865835,1.451298972
530,-21.001,27.0001,60,13033996,343176,0,72641,28106944,0,0,0,65.18061,391020,382680,107202,214670,111,151,12878,0,0,0,0,0,0,0,0,0,0,0,0,0,0,0,0,0,0,0,0,0,0,0,0,0,0,0,0,376.474278,88.37227079,4.260095103
531,-17.998,27.0001,60,13128719,344277,0,73768,28293329,0,0,0,65.056394,389100,380880,110907,208300,85,160,13284,0,0,0,0,0,0,0,0,0,0,0,0,0,0,0,0,0,0,0,0,0,0,0,0,0,0,0,0,354.7121558,88.50998446,4.007594826
532,-15,27.0001,60,13098148,341369,0,73352,28317494,0,0,0,65.048487,387600,379260,114938,202426,102,152,14119,0,0,0,0,0,0,0,0,0,0,0,0,0,0,0,0,0,0,0,0,0,0,0,0,0,0,0,0,327.3902701,88.66040756,3.692632136
533,-12.002,27.0001,60,13035622,333740,0,72667,28672595,0,0,0,64.897311,380160,372300,116732,193828,90,153,14869,0,0,0,0,0,0,0,0,0,0,0,0,0,0,0,0,0,0,0,0,0,0,0,0,0,0,0,0,289.0518747,87.27435332,3.311991023
534,-8.999,27.0001,60,12998561,338686,0,72174,28696162,0,0,0,65.077482,379800,371820,121986,188998,84,158,15203,0,0,0,0,0,0,0,0,0,0,0,0,0,0,0,0,0,0,0,0,0,0,0,0,0,0,0,0,224.2084682,88.05623746,2.546196325
535,-6.001,27.0001,60,13109048,344464,0,73543,28377749,0,0,0,65.146967,371700,364140,122820,180731,120,164,15713,0,0,0,0,0,0,0,0,0,0,0,0,0,0,0,0,0,0,0,0,0,0,0,0,0,0,0,0,161.9269678,87.76584086,1.844988508
536,-2.99801,27.0001,60,13176450,343714,0,74339,28205913,0,0,0,65.040726,358560,351360,121782,168497,104,156,16010,0,0,0,0,0,0,0,0,0,0,0,0,0,0,0,0,0,0,0,0,0,0,0,0,0,0,0,0,142.865132,86.117797,1.658950147
537,0,27.0001,60,13136918,343711,0,73875,28229473,0,0,0,65.183693,344880,338220,120703,157439,92,177,15852,0,0,0,0,0,0,0,0,0,0,0,0,0,0,0,0,0,0,0,0,0,0,0,0,0,0,0,0,136.6640519,84.77399551,1.612098747
538,2.99801,27.0001,60,13057461,341246,0,72967,59949006,0,0,0,65.165076,333060,326700,120408,146795,93,187,15944,0,0,0,0,0,0,0,0,0,0,0,0,0,0,0,0,0,0,0,0,0,0,0,0,0,0,0,0,131.9725506,83.33313869,1.583674306
539,6.001,27.0001,60,13044413,341265,0,72722,28735257,0,0,0,65.000103,326400,320220,120294,139074,87,171,16038,0,0,0,0,0,0,0,0,0,0,0,0,0,0,0,0,0,0,0,0,0,0,0,0,0,0,0,0,128.3065999,82.2395279,1.560157302
540,8.999,27.0001,60,13161675,339952,0,74107,32741369,0,0,0,65.022953,315060,309120,118522,130299,97,210,16098,0,0,0,0,0,0,0,0,0,0,0,0,0,0,0,0,0,0,0,0,0,0,0,0,0,0,0,0,125.0902297,81.02102815,1.54392301
541,12.002,27.0001,60,13156680,336321,0,74002,28385313,0,0,0,65.009112,302940,297480,117299,121017,112,181,16115,0,0,0,0,0,0,0,0,0,0,0,0,0,0,0,0,0,0,0,0,0,0,0,0,0,0,0,0,121.28156,79.48596259,1.52582363
542,15,27.0001,60,13139439,341409,0,73826,27919293,0,0,0,64.959999,301080,295620,118406,115986,111,200,16369,0,0,0,0,0,0,0,0,0,0,0,0,0,0,0,0,0,0,0,0,0,0,0,0,0,0,0,0,120.9986382,80.07279879,1.511107892
543,17.998,27.0001,60,13102584,340791,0,73419,28024181,0,0,0,65.066534,292740,287460,117201,109343,110,201,16413,0,0,0,0,0,0,0,0,0,0,0,0,0,0,0,0,0,0,0,0,0,0,0,0,0,0,0,0,118.1844554,78.96074155,1.496749563
544,21.001,27.0001,60,13178135,340594,0,74319,28125481,0,0,0,65.217608,280140,275280,114138,101347,96,191,16031,0,0,0,0,0,0,0,0,0,0,0,0,0,0,0,0,0,0,0,0,0,0,0,0,0,0,0,0,114.2998084,77.50644201,1.474713656
556,-17.998,30.0002,60,13171697,339693,0,74251,28326820,0,0,0,65.0742,361920,354360,105654,189235,83,139,12888,0,0,0,0,0,0,0,0,0,0,0,0,0,0,0,0,0,0,0,0,0,0,0,0,0,0,0,0,349.465612,83.95762608,4.162404636
557,-15,30.0002,60,13114355,338180,0,73577,28203421,0,0,0,64.984868,370860,363180,112742,189522,83,123,13838,0,0,0,0,0,0,0,0,0,0,0,0,0,0,0,0,0,0,0,0,0,0,0,0,0,0,0,0,333.5234385,85.56631319,3.897835797
558,-12.002,30.0002,60,13065464,336765,0,72976,28223674,0,0,0,65.133657,379260,371340,120842,189879,85,173,15153,0,0,0,0,0,0,0,0,0,0,0,0,0,0,0,0,0,0,0,0,0,0,0,0,0,0,0,0,310.8748824,87.46055996,3.554457947
559,-8.999,30.0002,60,13075588,329439,0,73104,27669718,0,0,0,65.031514,374280,366720,123859,182471,101,173,16024,0,0,0,0,0,0,0,0,0,0,0,0,0,0,0,0,0,0,0,0,0,0,0,0,0,0,0,0,264.6454778,86.36392818,3.064305704
560,-6.001,30.0002,60,13146297,334048,0,73910,28268282,0,0,0,65.00562,370440,363000,127304,175602,105,150,16339,0,0,0,0,0,0,0,0,0,0,0,0,0,0,0,0,0,0,0,0,0,0,0,0,0,0,0,0,190.1079215,86.78515835,2.190557983
561,-2.99801,30.0002,60,13106958,337241,0,73476,27983795,0,0,0,65.044446,360900,353520,127469,165720,73,178,16700,0,0,0,0,0,0,0,0,0,0,0,0,0,0,0,0,0,0,0,0,0,0,0,0,0,0,0,0,148.9463078,85.82233345,1.735519204
562,0,30.0002,60,13084598,335631,0,73305,59948961,0,0,0,65.114087,346860,340020,126025,153711,91,150,16933,0,0,0,0,0,0,0,0,0,0,0,0,0,0,0,0,0,0,0,0,0,0,0,0,0,0,0,0,137.4103327,84.10955324,1.633706605
563,2.99801,30.0002,60,13033875,335370,0,72576,28071584,0,0,0,65.05181,336840,330300,125438,145025,95,179,16826,0,0,0,0,0,0,0,0,0,0,0,0,0,0,0,0,0,0,0,0,0,0,0,0,0,0,0,0,132.4991885,83.05479064,1.595322648
564,6.001,30.0002,60,13111046,334955,0,73552,59949118,0,0,0,65.079639,329100,322740,125675,137443,110,145,17000,0,0,0,0,0,0,0,0,0,0,0,0,0,0,0,0,0,0,0,0,0,0,0,0,0,0,0,0,129.0290776,82.02088617,1.573124647
565,8.999,30.0002,60,13109194,333903,0,73433,28714462,0,0,0,65.035108,319020,313200,125270,127727,101,181,17127,0,0,0,0,0,0,0,0,0,0,0,0,0,0,0,0,0,0,0,0,0,0,0,0,0,0,0,0,125.6806125,80.94527443,1.552661516
566,12.002,30.0002,60,13109186,335909,0,73479,28558390,0,0,0,65.10885,310740,305100,125175,120389,92,197,17094,0,0,0,0,0,0,0,0,0,0,0,0,0,0,0,0,0,0,0,0,0,0,0,0,0,0,0,0,123.5685691,80.4480062,1.536005365
567,15,30.0002,60,13073502,327562,0,73127,59949491,0,0,0,65.232934,294480,289260,120489,110892,85,188,16666,0,0,0,0,0,0,0,0,0,0,0,0,0,0,0,0,0,0,0,0,0,0,0,0,0,0,0,0,171.7937916,77.82898171,2.207324159
568,17.998,30.0002,60,13110242,334438,0,73530,28770275,0,0,0,65.023746,291960,286740,120972,105502,83,201,16954,0,0,0,0,0,0,0,0,0,0,0,0,0,0,0,0,0,0,0,0,0,0,0,0,0,0,0,0,117.2168051,78.06414937,1.501544641
583,-12.002,32.9998,60,13156341,335381,0,74113,28484630,0,0,0,65.032522,376920,369060,123799,183304,95,153,15756,0,0,0,0,0,0,0,0,0,0,0,0,0,0,0,0,0,0,0,0,0,0,0,0,0,0,0,0,323.7421088,86.61201863,3.737842784
584,-8.999,32.9998,60,13121139,333692,0,73699,28235968,0,0,0,65.232867,381120,373080,131003,181275,95,166,16964,0,0,0,0,0,0,0,0,0,0,0,0,0,0,0,0,0,0,0,0,0,0,0,0,0,0,0,0,297.7363258,87.58125086,3.399544113
585,-6.001,32.9998,60,13091883,334253,0,73341,28275852,0,0,0,65.028452,377280,369240,133253,173707,98,176,17526,0,0,0,0,0,0,0,0,0,0,0,0,0,0,0,0,0,0,0,0,0,0,0,0,0,0,0,0,239.9301257,87.58874578,2.739280299
586,-2.99801,32.9998,60,13051268,334333,0,72876,28223258,0,0,0,65.071481,365640,357900,133926,163336,103,164,17720,0,0,0,0,0,0,0,0,0,0,0,0,0,0,0,0,0,0,0,0,0,0,0,0,0,0,0,0,167.1129294,86.30401057,1.936328663
587,0,32.9998,60,13129836,334662,0,73794,28265441,0,0,0,65.022527,357960,350700,135269,154061,87,178,18259,0,0,0,0,0,0,0,0,0,0,0,0,0,0,0,0,0,0,0,0,0,0,0,0,0,0,0,0,143.4042467,85.37637941,1.679671212
588,2.99801,32.9998,60,13093224,325840,0,73318,27918496,0,0,0,65.009725,338820,332400,131360,141309,86,140,17864,0,0,0,0,0,0,0,0,0,0,0,0,0,0,0,0,0,0,0,0,0,0,0,0,0,0,0,0,132.7804646,82.29975255,1.613376231
589,6.001,32.9998,60,13047097,331515,0,72897,59948991,0,0,0,65.031553,335580,329040,133058,135103,84,169,18317,0,0,0,0,0,0,0,0,0,0,0,0,0,0,0,0,0,0,0,0,0,0,0,0,0,0,0,0,131.7146335,82.81221511,1.590521801
590,8.999,32.9998,60,13006129,331129,0,72272,28127969,0,0,0,65.173984,326820,320580,133360,127264,89,154,18345,0,0,0,0,0,0,0,0,0,0,0,0,0,0,0,0,0,0,0,0,0,0,0,0,0,0,0,0,128.0633238,81.79389416,1.565683174
591,12.002,32.9998,60,13063239,331451,0,72941,28369778,0,0,0,65.105317,317220,311400,131256,119191,110,160,18132,0,0,0,0,0,0,0,0,0,0,0,0,0,0,0,0,0,0,0,0,0,0,0,0,0,0,0,0,124.9266404,80.71546834,1.547741009
